CODIGO_DA_IES,NOME_DA_IES,SIGLA,CATEGORIA_DA_IES,COMUNITARIA,CONFESSIONAL,FILANTROPICA,ORGANIZACAO_ACADEMICA,CODIGO_MUNICIPIO_IBGE,MUNICIPIO,UF,SITUACAO_IES
21995,Faculdade de Tecnologia Senac Curitiba,,Privada,N,N,N,Faculdade,000000004106902,Curitiba,PR,Ativa
1768,FACULDADE REGIONAL SERRANA,FUNPAC,Privada,N,N,N,Faculdade,000000003205069,Venda Nova do Imigrante,ES,Extinta
5701,UNIVERSIDADE DO ESTADO DO AMAPÁ,UEAP,Pública,N,N,N,Universidade,000000001600303,Macapá,AP,Ativa
23261,Faculdade São Judas de São Bernardo do Campo,,Privada,N,N,N,Faculdade,000000003548708,São Bernardo do Campo,SP,Ativa
4250,FACULDADE DE CIÊNCIAS GERENCIAIS ALVES FORTES (JUIZ DE FORA),FACE ALFOR JF,Privada,N,N,N,Faculdade,000000003136702,Juiz de Fora,MG,Extinta
626,CENTRO UNIVERSITÁRIO CENECISTA DE OSÓRIO,UNICNEC,Privada,S,N,N,Centro Universitário,000000004313508,Osório,RS,Ativa
2428,FACULDADE DE CIÊNCIAS E TECNOLOGIAS DE CAMPOS GERAIS,FACICA,Privada,N,N,N,Faculdade,000000003111606,Campos Gerais,MG,Ativa
1419,CENTRO UNIVERSITÁRIO CURITIBA,UNICURITIBA,Privada,N,N,N,Centro Universitário,000000004106902,Curitiba,PR,Ativa
2538,FACULDADE VENDA NOVA DO IMIGRANTE,FAVENI,Privada,N,N,N,Faculdade,000000003205069,Venda Nova do Imigrante,ES,Ativa
275,UNIVERSIDADE DO VALE DO PARAÍBA,UNIVAP,Privada,S,N,N,Universidade,000000003549904,São José dos Campos,SP,Ativa
14123,Faculdade Presidente Antônio Carlos de Bom Sucesso,FUNEES Bom Sucesso,Privada,N,N,N,Faculdade,000000003108008,Bom Sucesso,MG,Extinta
22760,Faculdade Fleming Cerquilho,Fac Cerquilho,Privada,N,N,N,Faculdade,000000003511508,Cerquilho,SP,Ativa
3188,"INSTITUTO FEDERAL DE EDUCAÇÃO, CIÊNCIA E TECNOLOGIA DO NORTE DE MINAS GERAIS",IFNMG,Pública,N,N,N,"Instituto Federal de Educação, Ciência e Tecnologia",000000003143302,Montes Claros,MG,Ativa
25167,FACULDADE SIGMA,SIGMA EAD,Privada,N,N,N,Faculdade,000000002912103,Ibicaraí,BA,Ativa
17952,Faculdade de Tecnologia de Jacareí,FATEC Jacareí,Pública,N,N,N,Faculdade,000000003524402,Jacareí,SP,Ativa
660,FACULDADE METODISTA DO SUL PAULISTA,FMSP,Privada,N,N,N,Faculdade,000000003522406,Itapeva,SP,Extinta
1244,Centro Universitário Multivix Vitória,null,Privada,N,N,N,Centro Universitário,000000003205309,Vitória,ES,Ativa
1494,Centro Universitário Salesiano,UniSales,Privada,N,N,N,Centro Universitário,000000003205309,Vitória,ES,Ativa
21877,FACULDADE INTEGRADA DA AMAZÔNIA,FINAMA,Privada,N,N,N,Faculdade,000000001501402,Belém,PA,Ativa
1253,FACULDADE METODISTA GRANBERY,FMG,Privada,S,N,N,Faculdade,000000003136702,Juiz de Fora,MG,Ativa
15526,FACULDADE UNIRB CEARÁ,F.CEARÁ,Privada,N,N,N,Faculdade,000000002304400,Fortaleza,CE,Ativa
3757,FACULDADE SERRA DA MESA,FASEM,Privada,N,N,N,Faculdade,000000005221601,Uruaçu,GO,Ativa
3363,FACULDADE GUARAÍ,FAG,Privada,N,N,N,Faculdade,000000001709302,Guaraí,TO,Ativa
21982,Faculdade Integrada CETE,FIC,Privada,N,N,N,Faculdade,000000002606002,Garanhuns,PE,Ativa
338,PONTIFÍCIA UNIVERSIDADE CATÓLICA DE MINAS GERAIS,PUC MINAS,Privada,S,S,N,Universidade,000000003106200,Belo Horizonte,MG,Ativa
22113,Faculdade Pitagoras Anhanguera de Santa Cruz do Sul,,Privada,N,N,N,Faculdade,000000004316808,Santa Cruz do Sul,RS,Extinta
5053,FACULDADE DE EDUCAÇÃO TECNOLÓGICA DO ESTADO DO RIO DE JANEIRO,FAETERJ PARACAMBI,Pública,N,N,N,Faculdade,000000003303609,Paracambi,RJ,Ativa
1279,FACULDADE DE ITÁPOLIS - FACITA,FACITA,Privada,N,N,N,Faculdade,000000003522703,Itápolis,SP,Ativa
22313,FACULDADE NOVE DE JULHO DE BAURU,NOVE-BAURU,Privada,N,N,N,Faculdade,000000003506003,Bauru,SP,Ativa
1624,FACULDADE MARECHAL RONDON,FMR,Privada,N,N,N,Faculdade,000000003550100,São Manuel,SP,Ativa
25613,ACADEMIA DE POLÍCIA MILITAR DE MINAS GERAIS,APM,Pública,N,N,N,Faculdade,000000003106200,Belo Horizonte,MG,Ativa
1502,FACULDADE ANHANGUERA PITÁGORAS DE JUNDIAÍ,null,Privada,N,N,N,Faculdade,000000003525904,Jundiaí,SP,Ativa
14724,"INSTITUTO FEDERAL DE EDUCAÇÃO, CIÊNCIA E TECNOLOGIA DO PARANÁ",IFPR,Pública,N,N,N,"Instituto Federal de Educação, Ciência e Tecnologia",000000004106902,Curitiba,PR,Ativa
728,FACULDADE DE CIÊNCIAS HUMANAS DE CURVELO,FACIC,Privada,N,N,N,Faculdade,000000003120904,Curvelo,MG,Ativa
25001,INSTITUTO GOIANO DE DIREITO,IGD,Privada,N,N,N,Faculdade,000000005208707,Goiânia,GO,Ativa
12547,FACITEN - FACULDADE DE CIÊNCIAS E TECNOLOGIAS DE NATAL,FACITEN,Privada,N,N,N,Faculdade,000000002408102,Natal,RN,Ativa
13484,FACULDADE EUROPÉIA DE VITÓRIA,FAEV,Privada,N,N,N,Faculdade,000000003201308,Cariacica,ES,Ativa
3306,FACULDADE DE TECNOLOGIA IPUC,FATIPUC,Privada,N,N,N,Faculdade,000000004304606,Canoas,RS,Ativa
24996,Faculdade Uniavan Joinville,UNIAVAN,Privada,N,N,N,Faculdade,000000004209102,Joinville,SC,Ativa
21953,Instituto União das Faculdades Americanas,IUFA,Privada,N,N,N,Faculdade,000000005208004,Formosa,GO,Extinta
18099,Faculdade de Tecnologia de Diadema Luigi Papaiz,FATEC DIADEMA,Pública,N,N,N,Faculdade,000000003513801,Diadema,SP,Ativa
14622,FACULDADE UNIFTB,null,Privada,N,N,N,Faculdade,000000002807402,Tobias Barreto,SE,Ativa
22702,FACULDADE PITÁGORAS UNOPAR DE CHAPECÓ,,Privada,N,N,N,Faculdade,000000004204202,Chapecó,SC,Ativa
18735,Faculdade AGES de Lagarto,Faculdade AGES,Privada,N,N,N,Faculdade,000000002803500,Lagarto,SE,Ativa
18667,FACULDADE SANTO ANTÔNIO,FSA,Privada,N,N,N,Faculdade,000000003508504,Caçapava,SP,Ativa
668,CENTRO UNIVERSITÁRIO DE ENSINO SUPERIOR DO AMAZONAS,CIESA,Privada,N,N,N,Centro Universitário,000000001302603,Manaus,AM,Ativa
19850,FACULDADE MAURÍCIO DE NASSAU DE NITERÓI,FMN NITERÓI,Privada,N,N,N,Faculdade,000000003303302,Niterói,RJ,Extinta
2044,INSTITUTO SUPERIOR DE EDUCAÇÃO VALE DO SALGADO,IVS,Privada,N,N,N,Faculdade,000000002305407,Icó,CE,Extinta
1835,Faculdade de Colinas do Tocantins,null,Privada,N,N,N,Faculdade,000000001705508,Colinas do Tocantins,TO,Ativa
1356,CENTRO UNIVERSITÁRIO DE SANTA FÉ DO SUL,UNIFUNEC,Pública,N,N,N,Centro Universitário,000000003546603,Santa Fé do Sul,SP,Ativa
18736,Escola Superior de Tecnologia & Gestão de Santa Catarina,EST&G,Privada,N,N,N,Faculdade,000000004205407,Florianópolis,SC,Ativa
1096,FACULDADE DE PRESIDENTE EPITÁCIO - FAPE,FAPE,Privada,N,N,N,Faculdade,000000003541307,Presidente Epitácio,SP,Ativa
166,"FAI - CENTRO DE ENSINO SUPERIOR EM GESTÃO, TECNOLOGIA E EDUCAÇÃO",,Privada,N,N,N,Faculdade,000000003159605,Santa Rita do Sapucaí,MG,Ativa
1257,"FACULDADE DE ADMINISTRAÇÃO, CIÊNCIAS, EDUCAÇÃO E LETRAS",FACEL,Privada,N,N,N,Faculdade,000000004106902,Curitiba,PR,Extinta
22627,Faculdade Abrange ABC,FABRANGE,Privada,N,N,N,Faculdade,000000003548708,São Bernardo do Campo,SP,Ativa
1336,CENTRO UNIVERSITÁRIO ASSIS GURGACZ,FAG,Privada,N,N,N,Centro Universitário,000000004104808,Cascavel,PR,Ativa
23890,FACULDADES INTEGRADAS DE SAÚDE E EDUCAÇÃO DO BRASIL,FISEB,Privada,N,N,N,Faculdade,000000005103403,Cuiabá,MT,Ativa
22566,Faculdade Metropolitana de Itacoatiara,FAMETRO,Privada,N,N,N,Faculdade,000000001301902,Itacoatiara,AM,Ativa
726,FACULDADE ESTADUAL DE FILOSOFIA CIÊNCIAS E LETRAS DE JACAREZINHO,FAFIJA,Pública,N,N,N,Faculdade,000000004111803,Jacarezinho,PR,Extinta
18158,FACULDADE MADALENA SOFIA,FMS,Privada,N,N,N,Faculdade,000000004106902,Curitiba,PR,Ativa
1525,FACULDADE DE CIÊNCIAS CONTÁBEIS DE AFONSO CLÁUDIO,ISEAC,Privada,N,N,N,Faculdade,000000003200102,Afonso Cláudio,ES,Extinta
152,FACULDADE DE CIÊNCIAS CONTÁBEIS,FACIC,Privada,N,N,N,Faculdade,000000002927408,Salvador,BA,Ativa
2232,FACULDADE DE ADMINISTRAÇÃO E MARKETING DE BRASÍLIA,FAMA,Privada,N,N,N,Faculdade,000000005300108,Brasília,DF,Extinta
627,FACULDADE CNEC VARGINHA,null,Privada,S,N,N,Faculdade,000000003170701,Varginha,MG,Ativa
13300,FACULDADE ADJETIVO CETEP,ADJETIVO-CETEP,Privada,N,N,N,Faculdade,000000003140001,Mariana,MG,Ativa
2454,FACULDADE MAFRENSE DE TURISMO E CIÊNCIAS HUMANAS DE TERESINA,FAMA,Privada,N,N,N,Faculdade,000000002211001,Teresina,PI,Extinta
2133,"Faculdade de Ciências, Educação e Teologia do Norte do Brasil",FACETEN,Privada,N,N,N,Faculdade,000000001400100,Boa Vista,RR,Ativa
18956,Faculdade de Ciências e Tecnologia de Janaúba,FACITEC,Privada,N,N,N,Faculdade,000000003135100,Janaúba,MG,Ativa
622,FACULDADES INTEGRADAS SILVA E SOUZA,FAU,Privada,N,N,N,Faculdade,000000003304557,Rio de Janeiro,RJ,Ativa
4652,FACULDADE ANHANGÜERA DE SÃO JOSÉ,null,Privada,N,N,N,Faculdade,000000003549904,São José dos Campos,SP,Ativa
5403,CENTRO UNIVERSITÁRIO OPET,Uniopet,Privada,N,N,N,Centro Universitário,000000004106902,Curitiba,PR,Ativa
2500,FACULDADE EINSTEIN,null,Privada,N,N,N,Faculdade,000000002927408,Salvador,BA,Ativa
1885,CENTRO UNIVERSITÁRIO UNIDADE DE ENSINO SUPERIOR DOM BOSCO,UNDB,Privada,N,N,N,Centro Universitário,000000002111300,São Luís,MA,Ativa
12766,FACULDADE UNIÃO DE CAMPO MOURÃO,null,Privada,N,N,N,Faculdade,000000004104303,Campo Mourão,PR,Ativa
23877,"INSIDE - Instituto Superior para Integração, Desenvolvimento e Educação",INSIDE,Privada,N,N,N,Faculdade,000000005300108,Brasília,DF,Ativa
916,FACULDADE ESTÁCIO DE TERESINA,ESTÁCIO TERESINA,Privada,N,N,N,Faculdade,000000002211001,Teresina,PI,Ativa
2117,FACULDADE DE CIÊNCIA E TECNOLOGIA,FACITEC,Privada,N,N,N,Faculdade,000000004117909,Palotina,PR,Ativa
2944,FACULDADE ANHANGUERA DE ITABUNA,null,Privada,N,N,N,Faculdade,000000002914802,Itabuna,BA,Ativa
18734,Faculdade de Martinópolis,FAMA,Privada,N,N,N,Faculdade,000000003529203,Martinópolis,SP,Ativa
20328,FACULDADE DE ODONTOLOGIA DA APCD,FAOA,Privada,N,N,N,Faculdade,000000003550308,São Paulo,SP,Ativa
2575,FACULDADES INTEGRADAS SOARES DE OLIVEIRA,FISO,Privada,N,N,N,Faculdade,000000003505500,Barretos,SP,Ativa
19838,Faculdade Lusitana de Pernambuco,FALUP,Privada,N,N,N,Faculdade,000000002604007,Carpina,PE,Ativa
23177,Faculdade de Educação Superior de Catalão,,Privada,N,N,N,Faculdade,000000005205109,Catalão,GO,Ativa
18051,Faculdades de Ciências e Tecnologia do Nordeste LTDA,FACINE,Privada,N,N,N,Faculdade,000000002304400,Fortaleza,CE,Ativa
4070,ESCOLA AGROTÉCNICA FEDERAL DE SALINAS,EAFSALINAS,Pública,N,N,N,Faculdade,000000003157005,Salinas,MG,Extinta
21687,FACULDADE ANHANGUERA ITABIRA,null,Privada,N,N,N,Faculdade,000000003131703,Itabira,MG,Ativa
34,FACULDADE DE TECNOLOGIA DE SÃO PAULO,FATEC-SP,Pública,N,N,N,Faculdade,000000003550308,São Paulo,SP,Ativa
22425,FACULDADE ESAMC FRANCA,ESAMC FRANCA,Privada,N,N,N,Faculdade,000000003516200,Franca,SP,Ativa
5671,CENTRO UNIVERSITÁRIO SÃO JOSÉ DE ITAPERUNA,null,Privada,N,N,N,Centro Universitário,000000003302205,Itaperuna,RJ,Ativa
4024,FACULDADE DE TECNOLOGIA DE MOCOCA,FATEC,Pública,N,N,N,Faculdade,000000003530508,Mococa,SP,Ativa
15451,Faculdade de Direito de Ipatinga,FADIPA,Privada,N,N,N,Faculdade,000000003131307,Ipatinga,MG,Ativa
25476,Instituto do Sul de Santa Catarina,,Privada,N,N,N,Faculdade,000000004204608,Criciúma,SC,Ativa
403,UNIVERSIDADE CATÓLICA DE BRASÍLIA,UCB,Privada,S,S,N,Universidade,000000005300108,Brasília,DF,Ativa
2620,FACULDADE DE AMPÉRE,FAMPER,Privada,N,N,N,Faculdade,000000004101002,Ampére,PR,Ativa
2148,FACULDADE DE PALMAS,FAPAL,Privada,N,N,N,Faculdade,000000001721000,Palmas,TO,Ativa
23089,FACULDADE DE NOVA MUTUM,,Privada,N,N,N,Faculdade,000000005106224,Nova Mutum,MT,Ativa
13735,"FACULDADE DE TECNOLOGIA, CAPACITAÇÃO E GESTÃO INTEGRAL",FAINTEC,Privada,N,N,N,Faculdade,000000004106902,Curitiba,PR,Extinta
25656,INSTITUTO PLENITUDE EDUCAÇÃO,IPLENI,Privada,N,N,N,Faculdade,000000003550308,São Paulo,SP,Ativa
21200,Faculdade ISMD,ISMD,Privada,N,N,N,Faculdade,000000003106200,Belo Horizonte,MG,Ativa
2346,INSTITUTO SUPERIOR DE FILOSOFIA BERTHIER,IFIBE,Privada,N,N,N,Faculdade,000000004314100,Passo Fundo,RS,Ativa
12625,ESCOLA SUPERIOR DE AVIAÇÃO CIVIL,ESAC,Privada,N,N,N,Faculdade,000000002504009,Campina Grande,PB,Ativa
23012,Faculdade Liber de Porangatu,FacLiber,Privada,N,N,N,Faculdade,000000005218003,Porangatu,GO,Ativa
21788,Instituto de Desenvolvimento Educacional,IDE,Privada,N,N,N,Faculdade,000000002611606,Recife,PE,Ativa
14127,Faculdade Presidente Antônio Carlos de Campo Belo,FUNEES Campo Belo,Privada,N,N,N,Faculdade,000000003111200,Campo Belo,MG,Extinta
14243,Faculdade Presidente Antônio Carlos de Itabirito,,Privada,N,N,N,Faculdade,000000003131901,Itabirito,MG,Ativa
1440,INSTITUTO APHONSIANO DE ENSINO SUPERIOR,IAESUP,Privada,N,N,N,Faculdade,000000005221403,Trindade,GO,Ativa
25387,Faculdade Guerra,FAG,Privada,N,N,N,Faculdade,000000005300108,Brasília,DF,Ativa
1753,FACULDADE DE ENFERMAGEM NOVA ESPERANÇA,FACENE,Privada,N,N,N,Faculdade,000000002507507,João Pessoa,PB,Ativa
1263,FACULDADE BEZERRA DE ARAÚJO,FABA,Privada,N,N,N,Faculdade,000000003304557,Rio de Janeiro,RJ,Ativa
935,FACULDADE PAULISTA,null,Privada,N,N,N,Faculdade,000000003548708,São Bernardo do Campo,SP,Extinta
4096,Faculdade de Tecnologia FTEC de Porto Alegre,FTEC Porto Alegre,Privada,N,N,N,Faculdade,000000004314902,Porto Alegre,RS,Ativa
271,UNIVERSIDADE DO OESTE PAULISTA,UNOESTE,Privada,N,N,N,Universidade,000000003541406,Presidente Prudente,SP,Ativa
3770,FACULDADE TEOLÓGICA BATISTA DE SÃO PAULO,FTBSP,Privada,N,N,N,Faculdade,000000003550308,São Paulo,SP,Ativa
4832,FACULDADE POLITÉCNICA DE TAUBATÉ,null,Privada,N,N,N,Faculdade,000000003554102,Taubaté,SP,Extinta
900,FACULDADE UNIRIO,null,Privada,N,N,N,Faculdade,000000001100205,Porto Velho,RO,Ativa
1030,Centro Universitário IBMEC,IBMEC,Privada,N,N,N,Centro Universitário,000000003304557,Rio de Janeiro,RJ,Ativa
757,Centro Universitário da Amazônia,Unama,Privada,N,N,N,Centro Universitário,000000001506807,Santarém,PA,Ativa
1785,FACULDADE DE COLIDER,FACIDER,Privada,N,N,N,Faculdade,000000005103205,Colíder,MT,Ativa
466,UNIVERSIDADE ANHEMBI MORUMBI,UAM,Privada,N,N,N,Universidade,000000003550308,São Paulo,SP,Ativa
15709,Faculdade de Tecnologia de Osasco - Prefeito Hirant Sanazar,Fatec Osasco,Pública,N,N,N,Faculdade,000000003534401,Osasco,SP,Ativa
22176,Faculdade ENAU,FacEnau,Privada,N,N,N,Faculdade,000000003543303,Ribeirão Pires,SP,Ativa
631,FACULDADE CNEC FARROUPILHA,null,Privada,S,N,N,Faculdade,000000004307906,Farroupilha,RS,Ativa
17887,Faculdade de Ciências Médicas de São José dos Campos,,Privada,N,N,N,Faculdade,000000003549904,São José dos Campos,SP,Ativa
1070,FACULDADE CNEC UNAÍ,null,Privada,S,N,N,Faculdade,000000003170404,Unaí,MG,Ativa
3159,FACULDADE DE TECNOLOGIA SENAI FLORIANÓPOLIS,SENAI -SC - CTAI,Privada,N,N,N,Faculdade,000000004205407,Florianópolis,SC,Ativa
12421,FACULDADES COC DE SÃO PAULO,FACOCSP,Privada,N,N,N,Faculdade,000000003550308,São Paulo,SP,Extinta
1479,FACULDADES INTEGRADAS TIBIRIÇÁ,FATI,Privada,N,N,N,Faculdade,000000003550308,São Paulo,SP,Extinta
270,FACULDADE DE TUPÃ,null,Privada,N,N,N,Faculdade,000000003555000,Tupã,SP,Ativa
21444,Faculdade Ágape de São Félix,,Privada,N,N,N,Faculdade,000000001507300,São Félix do Xingu,PA,Ativa
2613,Centro Universitário Estácio Meta de Rio Branco Estácio,UNIMETA,Privada,N,N,N,Centro Universitário,000000001200401,Rio Branco,AC,Ativa
3777,FACULDADE CURITIBANA,FAC,Privada,N,N,N,Faculdade,000000004106902,Curitiba,PR,Ativa
1589,FACULDADE DE CASCAVEL,FADEC,Privada,N,N,N,Faculdade,000000004104808,Cascavel,PR,Extinta
2566,INSTITUTO DE ENSINO SUPERIOR DE OLINDA,IESO,Privada,N,N,N,Faculdade,000000002609600,Olinda,PE,Ativa
1587,FACULDADE ANHANGUERA DE TANGARÁ DA SERRA,FITS,Privada,N,N,N,Faculdade,000000005107958,Tangará da Serra,MT,Ativa
20481,Faculdade de Bragança,FABRA,Privada,N,N,N,Faculdade,000000001501709,Bragança,PA,Ativa
781,FACULDADE ANHANGUERA DE RONDONÓPOLIS,FAR,Privada,N,N,N,Faculdade,000000005107602,Rondonópolis,MT,Ativa
1766,FACULDADE ESPÍRITO SANTENSE,UNICAPE,Privada,N,N,N,Faculdade,000000003201308,Cariacica,ES,Ativa
2014,FACULDADE SETELAGOANA DE CIÊNCIAS GERENCIAIS,FASCIG,Privada,N,N,N,Faculdade,000000003167202,Sete Lagoas,MG,Extinta
22625,FACULDADE BOOKPLAY,null,Privada,N,N,N,Faculdade,000000003557105,Votuporanga,SP,Ativa
4868,FACULDADE HSM,null,Privada,N,N,N,Faculdade,000000003547502,Santa Rita do Passa Quatro,SP,Extinta
20548,FACULDADE UNINTA TIANGUA,null,Privada,N,N,N,Faculdade,000000002313401,Tianguá,CE,Ativa
1701,FACULDADE MACHADO DE ASSIS,FAMA,Privada,N,N,N,Faculdade,000000003304557,Rio de Janeiro,RJ,Ativa
15001,UNIVERSIDADE FEDERAL DA INTEGRAÇÃO LATINO-AMERICANA,UNILA,Pública,N,N,N,Universidade,000000004108304,Foz do Iguaçu,PR,Ativa
3191,INSTITUTO SUPERIOR DE EDUCAÇÃO DE SANTA CATARINA,ISESC,Privada,N,N,N,Instituto Superior ou Escola Superior,000000004209102,Joinville,SC,Extinta
13811,TREVISAN ESCOLA SUPERIOR DE NEGÓCIOS,null,Privada,N,N,N,Faculdade,000000003304557,Rio de Janeiro,RJ,Ativa
1790,FACULDADE DO SUL DA BAHIA,FASB,Privada,N,N,N,Faculdade,000000002931350,Teixeira de Freitas,BA,Ativa
25474,Faculdade Microlins,FAMIC,Privada,N,N,N,Faculdade,000000003511102,Catanduva,SP,Ativa
1545,FACULDADE DE BOITUVA,FIB,Privada,N,N,N,Faculdade,000000003507001,Boituva,SP,Ativa
17394,FACULDADE 05 DE JULHO,F5,Privada,N,S,N,Faculdade,000000002312908,Sobral,CE,Ativa
19739,Faculdade de Tecnologia de Campinas,FATEC CAMPINAS,Pública,N,N,N,Faculdade,000000003509502,Campinas,SP,Ativa
21275,Faculdade Anhanguera de Erechim,,Privada,N,N,N,Faculdade,000000004307005,Erechim,RS,Extinta
364,FACULDADE DE CIÊNCIAS CONTÁBEIS DE PONTE NOVA,FACE,Privada,N,N,N,Faculdade,000000003152105,Ponte Nova,MG,Extinta
2896,Centro Universitário SATC,UniSATC,Privada,N,N,N,Centro Universitário,000000004204608,Criciúma,SC,Ativa
22599,FACULDADE CECAPE,,Privada,N,N,N,Faculdade,000000002307304,Juazeiro do Norte,CE,Ativa
3397,"FACULDADE BOAS NOVAS DE CIÊNCIAS TEOLÓGICAS, SOCIAIS E BIOTECNOLÓGICAS",FBNCTSB,Privada,N,N,N,Faculdade,000000001302603,Manaus,AM,Ativa
21654,Faculdade de Engenharia e Agrimensura de São Paulo,FEASP,Privada,N,N,N,Faculdade,000000003550308,São Paulo,SP,Ativa
1818,FACULDADE ANHANGUERA DE BELO HORIZONTE,null,Privada,N,N,N,Faculdade,000000003106200,Belo Horizonte,MG,Ativa
2270,FACULDADE DE CIÊNCIAS SOCIAIS APLICADAS DE EXTREMA,FAEX,Privada,N,N,N,Faculdade,000000003125101,Extrema,MG,Ativa
1605,FACULDADE DE ADMINISTRAÇÃO DE NOVA ANDRADINA - FANOVA,FANOVA,Privada,N,N,N,Faculdade,000000005006200,Nova Andradina,MS,Ativa
21693,Faculdade Anhanguera Franca,FAF,Privada,N,N,N,Faculdade,000000003516200,Franca,SP,Ativa
17875,Faculdade Católica de Belém,FACBEL,Privada,N,N,N,Faculdade,000000001500800,Ananindeua,PA,Ativa
17288,Faculdade Teológica Betânia,FATEBE,Privada,N,S,N,Faculdade,000000004106902,Curitiba,PR,Ativa
374,CENTRO UNIVERSITÁRIO DAS FACULDADES METROPOLITANAS UNIDAS,FMU,Privada,N,N,N,Centro Universitário,000000003550308,São Paulo,SP,Ativa
5419,FACULDADE EVANGÉLICA DE TAGUATINGA,FE TAGUATINGA,Privada,N,N,N,Faculdade,000000005300108,Brasília,DF,Extinta
24979,Instituto Brasil de Ensino Superior,IBRAS,Privada,N,N,N,Faculdade,000000004119905,Ponta Grossa,PR,Ativa
1038,FACULDADES INTEGRADAS DE TRÊS LAGOAS,AEMS,Privada,N,N,N,Faculdade,000000005008305,Três Lagoas,MS,Ativa
78,FACULDADE DE FILOSOFIA CIÊNCIAS E LETRAS DE ALEGRE,FAFIA,Pública,N,N,N,Faculdade,000000003200201,Alegre,ES,Ativa
20321,FACULDADE IMPACTO,,Privada,N,N,N,Faculdade,000000002704302,Maceió,AL,Ativa
1156,Faculdade CNEC Alberto Torres,null,Privada,S,N,N,Faculdade,000000003301900,Itaboraí,RJ,Ativa
1046,UNIÃO DAS FACULDADES DOS GRANDES LAGOS,UNILAGO,Privada,N,N,N,Faculdade,000000003549805,São José do Rio Preto,SP,Ativa
801,FACULDADE MONTENEGRO,FAM,Privada,N,N,N,Faculdade,000000002912103,Ibicaraí,BA,Extinta
339,FACULDADE DE JOÃO PESSOA (SANTA EMÍLIA DO RODAT),null,Privada,N,N,N,Faculdade,000000002507507,João Pessoa,PB,Ativa
14429,FACULDADE ANHANGUERA DE MACEIÓ,,Privada,N,N,N,Faculdade,000000002704302,Maceió,AL,Ativa
4010,CENTRO UNIVERSITÁRIO METODISTA,IPA,Privada,S,S,N,Centro Universitário,000000004314902,Porto Alegre,RS,Ativa
4899,FACULDADE DE CIÊNCIAS MÉDICAS DA BAHIA,CIENCIAS MEDICAS,Privada,N,N,N,Faculdade,000000002927705,Santa Cruz Cabrália,BA,Extinta
14211,Faculdade Presidente Antônio Carlos de Nazareno,FUNEES,Privada,N,N,N,Faculdade,000000003144508,Nazareno,MG,Extinta
14785,FACULDADE DE TECNOLOGIA SENAI MARINGÁ,,Privada,N,N,N,Faculdade,000000004115200,Maringá,PR,Extinta
3146,FACULDADE DE ODONTOLOGIA DO RECIFE,FOR,Privada,N,N,N,Faculdade,000000002611606,Recife,PE,Ativa
762,FACULDADES INTEGRADAS DE FÁTIMA DO SUL,FIFASUL,Privada,N,N,N,Faculdade,000000005003801,Fátima do Sul,MS,Extinta
19913,Faculdade Estácio de Jataí Estácio Jataí,Estácio Jataí,Privada,N,N,N,Faculdade,000000005211909,Jataí,GO,Extinta
2113,FACULDADE DOM BOSCO DE PORTO ALEGRE,FDB,Privada,S,N,N,Faculdade,000000004314902,Porto Alegre,RS,Ativa
13,UNIVERSIDADE DE CAXIAS DO SUL,UCS,Privada,S,N,N,Universidade,000000004305108,Caxias do Sul,RS,Ativa
789,UNIVERSIDADE FEDERAL DE RORAIMA,UFRR,Pública,N,N,N,Universidade,000000001400100,Boa Vista,RR,Ativa
11752,FACULDADE SUDOESTE PAULISTA - TATUÍ - FSP,TATUÍ - FSP,Privada,N,N,N,Faculdade,000000003554003,Tatuí,SP,Extinta
19214,Faculdade Norte e Nordeste do Brasil,FANOR - BRASIL,Privada,N,N,N,Faculdade,000000002105427,Itinga do Maranhão,MA,Ativa
22634,FACULDADE FASIPE DE RONDONÓPOLIS,FFR,Privada,N,N,N,Faculdade,000000005107602,Rondonópolis,MT,Ativa
15468,Faculdade Presidente Antônio Carlos de Leopoldina,,Privada,N,N,N,Faculdade,000000003138401,Leopoldina,MG,Ativa
19555,Favenorte de Porteirinha,FAVEPORT,Privada,N,N,N,Faculdade,000000003152204,Porteirinha,MG,Ativa
1995,FACULDADE DE MEDICINA NOVA ESPERANÇA,FAMENE,Privada,N,N,N,Faculdade,000000002507507,João Pessoa,PB,Ativa
983,FACULDADE PRUDENTE DE MORAES,FPM,Privada,N,N,N,Faculdade,000000003523909,Itu,SP,Extinta
20709,Faculdade Fecomercio Roraima,FACORR,Privada,N,N,N,Faculdade,000000001400100,Boa Vista,RR,Ativa
5315,Faculdades Unificadas de Iúna,FUI,Privada,N,N,N,Faculdade,000000003203007,Iúna,ES,Ativa
609,UNIVERSIDADE ESTADUAL DO OESTE DO PARANÁ,UNIOESTE,Pública,N,N,N,Universidade,000000004104808,Cascavel,PR,Ativa
15504,FACULDADE IRECÊ,FAI,Privada,N,N,N,Faculdade,000000002914604,Irecê,BA,Ativa
24392,FACULDADE DINÂMICA,FACDIN,Privada,N,N,N,Faculdade,000000005219704,Santa Terezinha de Goiás,GO,Ativa
22975,UNICORP FACULDADES,UNICORP,Privada,N,N,N,Faculdade,000000002507507,João Pessoa,PB,Ativa
190,ESCOLA DE MEDICINA SOUZA MARQUES DA FUNDAÇÃO TÉCNICO-EDUCACIONAL SOUZA MARQUES,EMSM,Privada,N,N,N,Faculdade,000000003304557,Rio de Janeiro,RJ,Ativa
4815,FACULDADE DE TECNOLOGIA SENAI NADIR DIAS DE FIGUEIREDO,null,Privada,N,N,N,Faculdade,000000003534401,Osasco,SP,Ativa
4,UNIVERSIDADE FEDERAL DO AMAZONAS,UFAM,Pública,N,N,N,Universidade,000000001302603,Manaus,AM,Ativa
3295,FACULDADE SENAC FLORIANÓPOLIS,SENAC FLORIANÓPOLIS,Privada,N,N,N,Faculdade,000000004205407,Florianópolis,SC,Ativa
700,FACULDADE DE EDUCAÇÃO DE ITABORAÍ,FEITA,Pública,N,N,N,Faculdade,000000003301900,Itaboraí,RJ,Ativa
5033,FACULDADE PRISMA,FAP,Privada,N,N,N,Faculdade,000000003143302,Montes Claros,MG,Extinta
659,FACULDADE DE CIÊNCIAS HUMANAS DO SUL PAULISTA,FACHI,Privada,N,N,N,Faculdade,000000003522406,Itapeva,SP,Extinta
1524,FACULDADE OLGA METTIG,FAMETTIG,Privada,N,N,N,Faculdade,000000002927408,Salvador,BA,Ativa
5352,FACULDADE DE CIÊNCIAS E TECNOLOGIA DE NATAL,FACITEN,Privada,N,N,N,Faculdade,000000002408102,Natal,RN,Extinta
24687,FACULDADE DE MEDICINA ESTÁCIO DE CASTANHAL,ESTÁCIO FMEC,Privada,N,N,N,Faculdade,000000001502400,Castanhal,PA,Ativa
452,CENTRO UNIVERSITÁRIO LUTERANO DE MANAUS,CEULM/ULBRA,Privada,N,S,N,Centro Universitário,000000001302603,Manaus,AM,Ativa
2200,FACULDADE VALE DO GORUTUBA,FAVAG,Privada,N,N,N,Faculdade,000000003145059,Nova Porteirinha,MG,Ativa
13630,ESCOLA SUPERIOR DO MINISTÉRIO PÚBLICO DA UNIÃO,ESMPU,Pública,N,N,N,Escola de Governo,000000005300108,Brasília,DF,Ativa
1690,FACULDADE DE SÃO VICENTE,FSV,Privada,N,N,N,Faculdade,000000003551009,São Vicente,SP,Ativa
25466,Faculdade de Ensino Jurídico de Vitória,FEJ,Privada,N,N,N,Faculdade,000000003205309,Vitória,ES,Ativa
482,UNIVERSIDADE DO EXTREMO SUL CATARINENSE,UNESC,Privada,S,N,N,Universidade,000000004204608,Criciúma,SC,Ativa
19586,FACULDADE UNITÀ,UNITÀ,Privada,N,N,N,Faculdade,000000003509502,Campinas,SP,Ativa
21691,Faculdade Pitágoras Belo Jardim,,Privada,N,N,N,Faculdade,000000002601706,Belo Jardim,PE,Extinta
15757,Faculdade de Tecnologia de Barueri,Fatec Barueri,Pública,N,N,N,Faculdade,000000003505708,Barueri,SP,Ativa
14342,FACULDADE REDENTOR DE CAMPOS,FACREDENTOR,Privada,N,N,N,Faculdade,000000003301009,Campos dos Goytacazes,RJ,Extinta
1292,Centro Universitário de Adamantina,FAI,Pública,N,N,N,Centro Universitário,000000003500105,Adamantina,SP,Ativa
3525,"FACULDADE EVANGÉLICA DE TECNOLOGIA, CIÊNCIAS E BIOTECNOLOGIA DA CGADB",FAECAD,Privada,N,N,N,Faculdade,000000003304557,Rio de Janeiro,RJ,Ativa
21537,Faculdade de Santo Ângelo,FASA,Privada,N,N,N,Faculdade,000000004317509,Santo Ângelo,RS,Ativa
21362,Faculdade Centro Oeste Catanduvas,FACOC,Privada,N,N,N,Faculdade,000000004204004,Catanduvas,SC,Ativa
1299,FACULDADES INTEGRADAS DE FERNANDÓPOLIS,FIFE,Privada,N,N,N,Faculdade,000000003515509,Fernandópolis,SP,Ativa
22441,FACULDADE Ensin.E,ENSIN.E,Privada,N,N,N,Faculdade,000000003136702,Juiz de Fora,MG,Ativa
1198,FACULDADE DE CIÊNCIAS SOCIAIS E APLICADAS DO PARANÁ,FACET,Privada,N,N,N,Faculdade,000000004106902,Curitiba,PR,Extinta
1918,Centro Universitário Univinte,null,Privada,N,N,N,Centro Universitário,000000004203956,Capivari de Baixo,SC,Ativa
24677,Faculdade FaCiencia,FaCiencia,Privada,N,N,N,Faculdade,000000004106902,Curitiba,PR,Ativa
18034,Centro de Ensino Superior Riograndense,CESURG,Privada,N,N,N,Faculdade,000000004320107,Sarandi,RS,Ativa
1601,FACULDADE CIDADE DE COROMANDEL,FCC,Privada,N,N,N,Faculdade,000000003119302,Coromandel,MG,Ativa
3609,FACULDADES INTEGRADAS IPITANGA,FACIIP,Privada,N,N,N,Faculdade,000000002919207,Lauro de Freitas,BA,Ativa
18133,Faculdade Unida de Campinas Goiânia - FACUNICAMPS GOIÂNIA,FACUNICAMPS,Privada,N,N,N,Faculdade,000000005208707,Goiânia,GO,Ativa
15611,Faculdade Tecnológica Latino Americana,FATLA,Privada,N,N,N,Faculdade,000000004314902,Porto Alegre,RS,Ativa
4446,FACULDADE CIDADE DE GUANHÃES - FACIG,FACIG,Privada,N,N,N,Faculdade,000000003128006,Guanhães,MG,Extinta
2548,"FACULDADE DE TEOLOGIA, FILOSOFIA E CIÊNCIAS HUMANAS GAMALIEL",FATEFIG,Privada,N,N,N,Faculdade,000000001508100,Tucuruí,PA,Ativa
4629,Faculdade Innovare,FACINN,Privada,N,N,N,Faculdade,000000003550308,São Paulo,SP,Ativa
281,CONSERVATÓRIO DRAMÁTICO MUSICAL SÃO PAULO,CDMSP,Privada,N,N,N,Faculdade,000000003550308,São Paulo,SP,Extinta
5591,FACULDADES INTEGRADAS CAMÕES,FICA,Privada,N,N,N,Faculdade,000000004106902,Curitiba,PR,Ativa
2334,FACULDADE CNEC RIO DAS OSTRAS,null,Privada,S,N,N,Faculdade,000000003304524,Rio das Ostras,RJ,Ativa
1743,FACULDADE DE TECNOLOGIA OSWALDO CRUZ,FATEC OSWALDO CRUZ,Privada,N,N,N,Faculdade,000000003550308,São Paulo,SP,Ativa
20100,Instituto Leya de Educação Superior,Leya,Privada,N,N,N,Faculdade,000000005300108,Brasília,DF,Ativa
1446,CENTRO UNIVERSITÁRIO PLANALTO DO DISTRITO FEDERAL - UNIPLAN,UNIPLAN,Privada,N,N,N,Centro Universitário,000000005300108,Brasília,DF,Ativa
14892,FACULDADE DE CIÊNCIAS DA SAÚDE DE BARRETOS DR. PAULO PRATA,FACISB,Privada,N,N,N,Faculdade,000000003505500,Barretos,SP,Ativa
3456,FACULDADE POLITÉCNICA DE CAMPINAS,POLICAMP,Privada,N,N,N,Faculdade,000000003509502,Campinas,SP,Ativa
19255,Faculdade Pitágoras de Bom Jesus da Lapa,,Privada,N,N,N,Faculdade,000000002903904,Bom Jesus da Lapa,BA,Extinta
1733,FACULDADE DE ENSINO SUPERIOR DE MARECHAL CÂNDIDO RONDON,ISEPE  RONDON,Privada,N,N,N,Faculdade,000000004114609,Marechal Cândido Rondon,PR,Ativa
22470,Faculdade Universalis,FACSALIS,Privada,N,N,N,Faculdade,000000002800308,Aracaju,SE,Ativa
17628,Faculdade do Maciço do Baturité,FMB,Privada,N,N,N,Faculdade,000000002302107,Baturité,CE,Ativa
2626,FACULDADE DE COMUNICAÇÃO SOCIAL SANTA EFIGÊNIA,FACULDADE VEREDAS,Privada,N,N,N,Faculdade,000000003118304,Conselheiro Lafaiete,MG,Extinta
17348,Faculdade Alis de Itabirito,null,Privada,N,N,N,Faculdade,000000003131901,Itabirito,MG,Ativa
1656,INSTITUTO DE ENSINO SUPERIOR DE TERESINA,IEST,Privada,N,N,N,Faculdade,000000002211001,Teresina,PI,Ativa
10385,INSTITUTO SÃO PAULO DE ESTUDOS SUPERIORES,ITESP,Privada,N,N,N,Faculdade,000000003550308,São Paulo,SP,Ativa
1828,ESCOLA DA CIDADE - FACULDADE DE ARQUITETURA E URBANISMO,ESCOLA DA CIDADE,Privada,N,N,N,Faculdade,000000003550308,São Paulo,SP,Ativa
1231,FACULDADE CNEC SANTO ÂNGELO,null,Privada,S,N,N,Faculdade,000000004317509,Santo Ângelo,RS,Ativa
1598,CENTRO UNIVERSITÁRIO UNA DE UBERLÂNDIA,null,Privada,N,N,N,Centro Universitário,000000003170206,Uberlândia,MG,Ativa
11007,FACULDADE CENTRO OESTE DO PARANÁ,FACEOPAR,Privada,N,N,N,Faculdade,000000004113304,Laranjeiras do Sul,PR,Extinta
3162,"INSTITUTO FEDERAL DE EDUCAÇÃO, CIÊNCIA E TECNOLOGIA  DE SANTA CATARINA",IFSC,Pública,N,N,N,"Instituto Federal de Educação, Ciência e Tecnologia",000000004205407,Florianópolis,SC,Ativa
2576,FACULDADE ANHANGUERA UNIDADE GUARAPARI,null,Privada,N,N,N,Faculdade,000000003202405,Guarapari,ES,Ativa
24255,Faculdade de Nova Mutum,UNIFAMA,Privada,N,N,N,Faculdade,000000005106224,Nova Mutum,MT,Ativa
23175,Escola Superior de Pouso Alegre,,Privada,N,N,N,Faculdade,000000003152501,Pouso Alegre,MG,Ativa
1493,CENTRO UNIVERSITÁRIO ALVES FARIA,UNIALFA,Privada,N,N,N,Centro Universitário,000000005208707,Goiânia,GO,Ativa
23000,Faculdade de Tecnologia e Ciências - FTC Caucaia,FTC Caucaia,Privada,N,N,N,Faculdade,000000002303709,Caucaia,CE,Ativa
20098,Faculdade Integração,FI,Privada,N,N,N,Faculdade,000000003550308,São Paulo,SP,Ativa
1119,"FACULDADE PLANALTO DE FILOSOFIA, CIÊNCIAS E LETRAS",FACPLAN,Privada,N,N,N,Faculdade,000000005300108,Brasília,DF,Extinta
991,FACULDADE SENAI-CETIQT,SENAI-CETIQT,Privada,N,N,N,Faculdade,000000003304557,Rio de Janeiro,RJ,Ativa
20651,Faculdades IDAAM,IDAAM,Privada,N,N,N,Faculdade,000000001302603,Manaus,AM,Ativa
21896,FACULDADE MAURÍCIO DE NASSAU DE DIVINÓPOLIS,FMN DIVINÓPOLIS,Privada,N,N,N,Faculdade,000000003122306,Divinópolis,MG,Extinta
10020,INSTITUTO LOGOS DE EDUCAÇÃO SUPERIOR,ILES,Privada,N,N,N,Faculdade,000000002708402,São José da Tapera,AL,Extinta
2366,FACULDADE DE SISTEMAS DE INFORMAÇÃO DE PARAÍSO DO TOCANTINS,FSIP,Privada,N,N,N,Faculdade,000000001716109,Paraíso do Tocantins,TO,Extinta
475,FACULDADE DE MEDICINA DE PETRÓPOLIS,FMP,Privada,N,N,N,Faculdade,000000003303906,Petrópolis,RJ,Ativa
16918,FACULDADE CATÓLICA DE FEIRA DE SANTANA,,Privada,N,N,N,Faculdade,000000002910800,Feira de Santana,BA,Ativa
22266,Instituto de Desenvolvimento Tecnológico da FGV,FGV/IDT,Privada,N,N,N,Faculdade,000000003304557,Rio de Janeiro,RJ,Ativa
5503,FACULDADES COC DE BRASÍLIA,FACOCBR,Privada,N,N,N,Faculdade,000000005300108,Brasília,DF,Extinta
4443,Faculdade Meridional de Ijuí,IMED,Privada,N,N,N,Faculdade,000000004310207,Ijuí,RS,Ativa
2854,FACULDADE CONHECER,FC,Privada,N,N,N,Faculdade,000000003204906,São Mateus,ES,Extinta
1455,FACULDADE SANTÍSSIMO SACRAMENTO,FSSS,Privada,N,N,N,Faculdade,000000002900702,Alagoinhas,BA,Ativa
24196,FACULDADE CLEBER LEITE - EAD,FCL - EAD,Privada,N,N,N,Faculdade,000000003547809,Santo André,SP,Ativa
22775,Faculdade Garça Branca Pantanal,FGB,Privada,N,N,N,Faculdade,000000005103403,Cuiabá,MT,Ativa
5357,FACULDADE DE CIÊNCIAS APLICADAS E TECNOLÓGICAS DO LITORAL SUL,null,Privada,N,N,N,Faculdade,000000003522109,Itanhaém,SP,Extinta
22748,FACULDADES FAMEP,FAMEP,Privada,N,N,N,Faculdade,000000002210508,São Pedro do Piauí,PI,Ativa
4748,FACULDADE DE BRUSQUE,null,Privada,N,N,N,Faculdade,000000004202909,Brusque,SC,Extinta
15833,FACULDADE 2001,,Privada,N,N,N,Faculdade,000000002611606,Recife,PE,Ativa
17400,Faculdade Menino Deus,FAMED,Privada,N,N,N,Faculdade,000000004314902,Porto Alegre,RS,Ativa
1882,FACULDADE DE ASSUNTOS ACADÊMICOS E CIENTÍFICOS MONSENHOR EDISSON VIEIRA LÍCIO,FAACI,Privada,N,N,N,Faculdade,000000003503802,Artur Nogueira,SP,Extinta
1079,FACULDADE MARINGÁ,CESPAR,Privada,N,N,N,Faculdade,000000004115200,Maringá,PR,Ativa
15428,Faculdade UNIRB - NATAL,F. UNIRB,Privada,N,N,N,Faculdade,000000002408102,Natal,RN,Ativa
17765,Faculdade Santa Maria,FASAMP,Privada,N,N,N,Faculdade,000000002108603,Pinheiro,MA,Ativa
19476,EMGE - ESCOLA DE ENGENHARIA,null,Privada,N,N,N,Faculdade,000000003106200,Belo Horizonte,MG,Ativa
3835,UNIVERSIDADE VIRTUAL DO ESTADO DO MARANHÃO,UNIVIMA,Pública,N,N,N,Universidade,000000002111300,São Luís,MA,Ativa
3921,CENTRO UNIVERSITÁRIO ARNALDO HORÁCIO FERREIRA,null,Privada,N,N,N,Centro Universitário,000000002919553,Luís Eduardo Magalhães,BA,Ativa
22028,Faculdade CTA,CTA,Privada,N,N,N,Faculdade,000000003550308,São Paulo,SP,Ativa
1958,Centro Universitário SENAI Blumenau,null,Privada,N,N,N,Centro Universitário,000000004202404,Blumenau,SC,Ativa
665,UNIVERSIDADE DE TAUBATÉ,UNITAU,Pública,N,N,N,Universidade,000000003554102,Taubaté,SP,Ativa
17587,Faculdade Humboldt,FH,Privada,N,N,N,Faculdade,000000003550308,São Paulo,SP,Extinta
12523,Faculdade da Serra Gaúcha de Bento Gonçalves,null,Privada,N,N,N,Faculdade,000000004302105,Bento Gonçalves,RS,Ativa
5078,FUNDAÇÃO UNIVERSIDADE DO ESTADO DE SANTA CATARINA,null,Pública,N,N,N,Universidade,000000004202008,Balneário Camboriú,SC,Extinta
432,FACULDADE PARANAENSE,FACCAR,Privada,N,N,N,Faculdade,000000004122404,Rolândia,PR,Ativa
20606,Faculdade de Tecnologia e Ciências,FTC Juazeiro,Privada,N,N,N,Faculdade,000000002918407,Juazeiro,BA,Ativa
17854,Centro Universitário Unifecaf,null,Privada,N,N,N,Faculdade,000000003552809,Taboão da Serra,SP,Ativa
4582,FACULDADE CENTRO SUL DO PARANÁ,FACSPAR,Privada,N,N,N,Faculdade,000000004125605,São Mateus do Sul,PR,Extinta
25148,Escola Superior de Educação e Negócios,ESN,Privada,N,N,N,Faculdade,000000003529005,Marília,SP,Ativa
21636,FACULDADE TERRA BRASILIS,,Privada,N,N,N,Faculdade,000000005100359,Alto Boa Vista,MT,Ativa
13764,FACULDADE DE TECNOLOGIA DE AMPÉRE,FAMPERTEC,Privada,N,N,N,Faculdade,000000004101002,Ampére,PR,Extinta
1420,FACULDADES DE DRACENA,null,Privada,N,N,N,Faculdade,000000003514403,Dracena,SP,Ativa
22462,FACULDADE UNIRB - CIDADE DE FORTALEZA,F. UNIRB,Privada,N,N,N,Faculdade,000000002304400,Fortaleza,CE,Ativa
4732,Faculdade de Tecnologia e Inovação Senac DF,null,Privada,N,N,N,Faculdade,000000005300108,Brasília,DF,Ativa
2082,FACULDADE DE CIÊNCIAS MÉDICAS DA PARAÍBA,FCM-PB,Privada,N,N,N,Faculdade,000000002507507,João Pessoa,PB,Ativa
5520,FACULDADE CATHEDRAL,FACES,Privada,N,N,N,Faculdade,000000001400100,Boa Vista,RR,Ativa
1521,FACULDADE ESTÁCIO DE BELÉM - ESTÁCIO BELÉM,ESTÁCIO BELÉM,Privada,N,N,N,Faculdade,000000001501402,Belém,PA,Ativa
446,UNIVERSIDADE DE CRUZ ALTA,UNICRUZ,Privada,S,N,N,Universidade,000000004306106,Cruz Alta,RS,Ativa
14208,Faculdade Presidente Antônio Carlos de Lagoa dos Patos,FUNEES,Privada,N,N,N,Faculdade,000000003137304,Lagoa dos Patos,MG,Extinta
3979,FACULDADE DE BAURU,-,Privada,N,N,N,Faculdade,000000003506003,Bauru,SP,Extinta
11807,Istituto Europeo di Design,IED SP,Privada,N,N,N,Faculdade,000000003550308,São Paulo,SP,Ativa
25712,FACULDADE CESPU EUROPA BRASIL,FACCE,Privada,N,N,N,Faculdade,000000002607901,Jaboatão dos Guararapes,PE,Ativa
25441,Faculdade Paulista de Bem Estar e Saúde,,Privada,N,N,N,Faculdade,000000003550308,São Paulo,SP,Ativa
2332,Faculdade Ibero Americana de São Paulo,FIASP,Privada,N,N,N,Faculdade,000000003538808,Piraju,SP,Ativa
3187,INSTITUTO SUPERIOR DE EDUCAÇÃO CORAÇÃO DE JESUS,ISECJ,Privada,N,N,N,Faculdade,000000003169406,Três Pontas,MG,Extinta
4983,FACULDADE IBRA DE TECNOLOGIA,FACULDADE FITEC,Privada,N,N,N,Faculdade,000000003549904,São José dos Campos,SP,Ativa
18072,Faculdade de Direito TECH de São Paulo,FADITECH,Privada,N,N,N,Faculdade,000000003550308,São Paulo,SP,Ativa
1797,FACULDADES LONDRINA,null,Privada,N,N,N,Faculdade,000000004113700,Londrina,PR,Ativa
793,Centro Universitário Estácio de São Paulo,ESTÁCIO SÃO PAULO,Privada,N,N,N,Centro Universitário,000000003550308,São Paulo,SP,Ativa
14098,Faculdade Presidente Antônio Carlos de Almenara,FUNEC Almenara,Privada,N,N,N,Faculdade,000000003101706,Almenara,MG,Extinta
848,FACULDADE PARAIBANA DE PROCESSAMENTO DE DADOS,FPPD,Privada,N,N,N,Faculdade,000000002507507,João Pessoa,PB,Extinta
1510,CENTRO UNIVERSITÁRIO ESTÁCIO DE SANTA CATARINA - ESTÁCIO SANTA CATARINA,null,Privada,N,N,N,Centro Universitário,000000004216602,São José,SC,Ativa
22084,Faculdade FACUMINAS de Pós-Graduação EAD,FACUMINAS EAD,Privada,N,N,N,Faculdade,000000003550308,São Paulo,SP,Ativa
19780,Faculdade Pitágoras Unopar de Guanambi,FPG,Privada,N,N,N,Faculdade,000000002911709,Guanambi,BA,Ativa
22939,Faculdade de Tecnologia de Araraquara,FATEC ARQ,Pública,N,N,N,Faculdade,000000003503208,Araraquara,SP,Ativa
24055,FACULDADE FASIPE DE PRIMAVERA,FFP,Privada,N,N,N,Faculdade,000000005107040,Primavera do Leste,MT,Ativa
18628,Faculdade Pitágoras de Luis Eduardo Magalhães,,Privada,N,N,N,Faculdade,000000002919553,Luís Eduardo Magalhães,BA,Ativa
19632,FACULDADE DAMA,,Privada,N,N,N,Faculdade,000000004203808,Canoinhas,SC,Ativa
2687,FACULDADE DOM ALBERTO,FDA,Privada,N,N,N,Faculdade,000000004316808,Santa Cruz do Sul,RS,Ativa
17224,Faculdade Cesmac do Sertão,CESMAC Sertão,Privada,N,N,N,Faculdade,000000002706307,Palmeira dos Índios,AL,Ativa
14097,FACULDADE REFIDIM,Refidim,Privada,N,N,N,Faculdade,000000004209102,Joinville,SC,Ativa
4396,CENTRO UNIVERSITÁRIO DE MINEIROS,UNIFIMES,Pública,N,N,N,Centro Universitário,000000005213103,Mineiros,GO,Ativa
4251,FACULDADE ANHANGUERA DE TECNOLOGIA DE BELO HORIZONTE,null,Privada,N,N,N,Faculdade,000000003106200,Belo Horizonte,MG,Ativa
4998,FACULDADE DE TECNOLOGIA INESUL DO PARANÁ,FIPAR,Privada,N,N,N,Faculdade,000000004106902,Curitiba,PR,Extinta
22578,FACULDADE CENSUPEG,,Privada,N,N,N,Faculdade,000000004209102,Joinville,SC,Ativa
481,Universidade Universus Veritas Guarulhos,Univeritas UNG,Privada,N,N,N,Universidade,000000003518800,Guarulhos,SP,Ativa
18065,CISNE - FACULDADE DE QUIXADÁ,CFQ,Privada,N,N,N,Faculdade,000000002311306,Quixadá,CE,Ativa
74,FACULDADE DE FILOSOFIA CIÊNCIAS E LETRAS DE SÃO JOSÉ DO RIO PARDO,FFCL,Pública,N,N,N,Faculdade,000000003549706,São José do Rio Pardo,SP,Ativa
2056,FACULDADE DA ALTA PAULISTA,FAP,Privada,N,N,N,Faculdade,000000003555000,Tupã,SP,Ativa
308,CENTRO UNIVERSITÁRIO PRESIDENTE ANTÔNIO CARLOS,UNIPAC,Privada,N,N,N,Centro Universitário,000000003105608,Barbacena,MG,Ativa
5442,Faculdade Presidente Antônio Carlos de Nova Lima,null,Privada,N,N,N,Faculdade,000000003100104,Abadia dos Dourados,MG,Extinta
13828,FACULDADE ISEIB DE BELO HORIZONTE,FIBH,Privada,N,N,N,Faculdade,000000003106200,Belo Horizonte,MG,Ativa
1607,FACULDADE LUTERANA SÃO MARCOS,FALSM,Privada,N,N,N,Faculdade,000000004300604,Alvorada,RS,Ativa
918,CENTRO UNIVERSITÁRIO UNIVEL,null,Privada,N,N,N,Centro Universitário,000000004104808,Cascavel,PR,Ativa
21556,FACULDADE DE GOIANA,FAG,Privada,N,N,N,Faculdade,000000002606200,Goiana,PE,Ativa
11951,FACULDADE DO SERTÃO BAIANO,FASBE,Privada,N,N,N,Faculdade,000000002921500,Monte Santo,BA,Ativa
455,FACULDADE DE FORMAÇÃO DE PROFESSORES E ESPECIALISTAS DE EDUCAÇÃO,FAFOPEE,Privada,N,N,N,Faculdade,000000004303509,Camaquã,RS,Extinta
14218,Faculdade Presidente Antônio Carlos de Luminárias,FUNEES,Privada,N,N,N,Faculdade,000000003138708,Luminárias,MG,Extinta
14172,Faculdade Presidente Antônio Carlos de Poté,FUNEES Poté,Privada,N,N,N,Faculdade,000000003152402,Poté,MG,Extinta
1107,Centro Universitário Estácio do Ceará,Estácio Ceará,Privada,N,N,N,Centro Universitário,000000002304400,Fortaleza,CE,Ativa
3587,FACULDADE DIOCESANA SÃO JOSÉ,FADISI,Privada,N,N,N,Faculdade,000000001200401,Rio Branco,AC,Ativa
1014,INSTITUTO SUPERIOR E CENTRO EDUCACIONAL LUTERANO - BOM JESUS - IELUSC,BOM JESUS/IELUSC,Privada,S,N,N,Faculdade,000000004209102,Joinville,SC,Ativa
14095,FACULDADE DE TECNOLOGIA FUTURO,Fatec Futuro,Privada,N,N,N,Faculdade,000000004106902,Curitiba,PR,Ativa
24965,Faculdade de Tecnologia e Ciências de Campina Grande,FTC Camp Grande,Privada,N,N,N,Faculdade,000000002504009,Campina Grande,PB,Ativa
3204,FACULDADE UNIBRAS DO MATO GROSSO,FACBRAS,Privada,N,N,N,Faculdade,000000005107107,São José dos Quatro Marcos,MT,Ativa
18631,FACULDADE DO VALE DO RIO ARINOS,AJES,Privada,N,N,N,Faculdade,000000005105101,Juara,MT,Ativa
15873,Faculdade Itaquá,UNEITAQUÁ,Privada,N,N,N,Faculdade,000000003523107,Itaquaquecetuba,SP,Ativa
1811,"INSTITUTO FEDERAL DE EDUCAÇÃO, CIÊNCIA E TECNOLOGIA DE GOIÁS",IFG,Pública,N,N,N,"Instituto Federal de Educação, Ciência e Tecnologia",000000005208707,Goiânia,GO,Ativa
24676,Faculdade de Medicina de Ji-Paraná,,Privada,N,N,N,Faculdade,000000001100122,Ji-Paraná,RO,Ativa
3007,FACULDADE DO INSTITUTO NACIONAL DE PÓS-GRADUAÇÃO DE CAMPINAS,FAC. INPG - CAMPINAS,Privada,N,N,N,Faculdade,000000003509502,Campinas,SP,Extinta
3955,FACULDADES INTEGRADAS DE CATAGUASES,FIC,Privada,N,N,N,Faculdade,000000003115300,Cataguases,MG,Ativa
2351,FACULDADE ESPÍRITO SANTENSE DE CIÊNCIAS JURÍDICAS,PIO XII - DIR,Privada,N,N,N,Faculdade,000000003201308,Cariacica,ES,Ativa
19216,FACULDADE GOYAZES DO DISTRITO FEDERAL,FG-DF,Privada,N,N,N,Faculdade,000000005300108,Brasília,DF,Extinta
4097,Centro Universitário Uniftec Bento Gonçalves,null,Privada,N,N,N,Centro Universitário,000000004302105,Bento Gonçalves,RS,Ativa
4199,Faculdade JK Brasília - Recanto das Emas II,null,Privada,N,N,N,Faculdade,000000005300108,Brasília,DF,Extinta
24847,Faculdade de Tecnologia e Ciências de Teresina,FTC TERESINA,Privada,N,N,N,Faculdade,000000002211001,Teresina,PI,Ativa
1674,INSTITUTO SALESIANO DE FILOSOFIA,INSAF,Privada,N,N,N,Faculdade,000000002611606,Recife,PE,Extinta
423,UNIVERSIDADE REGIONAL INTEGRADA DO ALTO URUGUAI E DAS MISSÕES,URI,Privada,S,N,N,Universidade,000000004307005,Erechim,RS,Ativa
2755,Centro Universitário Uniasselvi de Brusque,null,Privada,N,N,N,Centro Universitário,000000004202909,Brusque,SC,Ativa
910,FACULDADE SANTA LÚCIA,FCACSL,Privada,N,N,N,Faculdade,000000003530805,Moji Mirim,SP,Ativa
1058,Centro Universitário Estácio da Bahia,Estácio Bahia,Privada,N,N,N,Centro Universitário,000000002927408,Salvador,BA,Ativa
990,FACULDADE DE FILOSOFIA CIÊNCIAS E LETRAS DE CONGONHAS,FAFIC,Privada,N,N,N,Faculdade,000000003118007,Congonhas,MG,Extinta
1082,"INSTITUTO FEDERAL DE EDUCAÇÃO, CIÊNCIA E TECNOLOGIA DO RIO GRANDE DO NORTE",IFRN,Pública,N,N,N,"Instituto Federal de Educação, Ciência e Tecnologia",000000002408102,Natal,RN,Ativa
450,Centro Universitário São Lucas Ji-Paraná,UniSL,Privada,N,S,N,Centro Universitário,000000001100122,Ji-Paraná,RO,Ativa
21898,FACULDADE MAURÍCIO DE NASSAU DE BLUMENAU,FMN BLUMENAU,Privada,N,N,N,Faculdade,000000004202404,Blumenau,SC,Extinta
3411,FACULDADE DE JANDIRA,null,Privada,N,N,N,Faculdade,000000003525003,Jandira,SP,Extinta
22184,Faculdade de Ciências Jurídicas de Rio Verde,,Privada,N,N,N,Faculdade,000000005218805,Rio Verde,GO,Extinta
3332,FACULDADE DE TECNOLOGIA SENAC RIO,FATEC,Privada,N,N,N,Faculdade,000000003304557,Rio de Janeiro,RJ,Ativa
18979,Faculdade Multivix Vila Velha,MULTIVIX VILA V,Privada,N,N,N,Faculdade,000000003205200,Vila Velha,ES,Ativa
14261,Faculdade Presidente Antônio Carlos de Conselheiro Pena,,Privada,N,N,N,Faculdade,000000003118403,Conselheiro Pena,MG,Extinta
22326,Faculdade Brasília,FBr,Privada,N,N,N,Faculdade,000000005300108,Brasília,DF,Ativa
17763,Faculdade SENAI da Paraíba,,Privada,N,N,N,Faculdade,000000002507507,João Pessoa,PB,Ativa
22116,Faculdade de Miguel Pereira,FAMIPE,Privada,N,N,N,Faculdade,000000003302908,Miguel Pereira,RJ,Ativa
17674,Faculdade de Educação de São Mateus,,Privada,N,N,N,Faculdade,000000002111508,São Mateus do Maranhão,MA,Ativa
24160,Instituto de Ensino Superior Agostiniano CASA GAIA,,Privada,N,N,N,Faculdade,000000003118601,Contagem,MG,Ativa
3682,INSTITUTO SUPERIOR DE EDUCAÇÃO DO MUNICÍPIO DE ITAPERUNA,ISEMI,Pública,N,N,N,Faculdade,000000003302205,Itaperuna,RJ,Ativa
22264,Faculdade do Vale do Jaguaribe Mossoró,FVJ Mossoró,Privada,N,N,N,Faculdade,000000002408003,Mossoró,RN,Ativa
11289,ESCOLA SUPERIOR NACIONAL DE SEGUROS DE SÃO PAULO,ESNS-SP,Privada,N,N,N,Faculdade,000000003550308,São Paulo,SP,Ativa
3160,"INSTITUTO FEDERAL DE EDUCAÇÃO, CIÊNCIA E TECNOLOGIA DE ALAGOAS",IFAL,Pública,N,N,N,"Instituto Federal de Educação, Ciência e Tecnologia",000000002704302,Maceió,AL,Ativa
4766,Centro Universitário UNA de Contagem,null,Privada,N,N,N,Centro Universitário,000000003118601,Contagem,MG,Ativa
1728,FACULDADE INTERAMERICANA DE PORTO VELHO,UNIRON,Privada,N,N,N,Faculdade,000000001100205,Porto Velho,RO,Ativa
17352,Faculdade de Educação Memorial Adelaide Franco,FEMAF,Privada,N,N,N,Faculdade,000000002108207,Pedreiras,MA,Ativa
24446,Faculdade de Medicina de Açailândia,,Privada,N,N,N,Faculdade,000000002100055,Açailândia,MA,Ativa
448,CENTRO UNIVERSITÁRIO RITTER DOS REIS,UNIRITTER,Privada,N,N,N,Centro Universitário,000000004314902,Porto Alegre,RS,Ativa
11,UNIVERSIDADE CATÓLICA DE PERNAMBUCO,UNICAP,Privada,S,S,N,Universidade,000000002611606,Recife,PE,Ativa
4007,"FATECE - FACULDADE DE TECNOLOGIA, CIÊNCIAS E EDUCAÇÃO",FATECE,Privada,N,N,N,Faculdade,000000003539301,Pirassununga,SP,Ativa
1928,Faculdade CNEC Capitão Lemos Cunha,null,Privada,S,N,N,Faculdade,000000003304557,Rio de Janeiro,RJ,Ativa
4023,FACULDADE DE TECNOLOGIA DE MAUÁ,FATEC MAUÁ,Pública,N,N,N,Faculdade,000000003529401,Mauá,SP,Ativa
4814,FACULDADE DE TECNOLOGIA SENAI FELIX GUISARD,null,Privada,N,N,N,Faculdade,000000003554102,Taubaté,SP,Ativa
4630,FACULDADE DE TECNOLOGIA TECMED,TECMED,Privada,N,N,N,Faculdade,000000003549805,São José do Rio Preto,SP,Extinta
22606,Faculdade Damásio,Damasio,Privada,N,N,N,Faculdade,000000003550308,São Paulo,SP,Ativa
22095,FACULDADE CESUMAR DE CAMPO GRANDE,FACCESUMAR,Privada,N,N,N,Faculdade,000000005002704,Campo Grande,MS,Ativa
1917,CENTRO UNIVERSITÁRIO MAURÍCIO DE NASSAU DE CACOAL,UNINASSAU,Privada,N,N,N,Centro Universitário,000000001100049,Cacoal,RO,Ativa
572,UNIVERSIDADE FEDERAL FLUMINENSE,UFF,Pública,N,N,N,Universidade,000000003303302,Niterói,RJ,Ativa
21266,FACULDADE ESTÁCIO DE PASSOS,ESTÁCIO PASSOS,Privada,N,N,N,Faculdade,000000003147907,Passos,MG,Extinta
4773,FACULDADE IBS,IBS,Privada,N,N,N,Faculdade,000000003106200,Belo Horizonte,MG,Ativa
24253,Faculdade Invictus,FIRP,Privada,N,N,N,Faculdade,000000003549805,São José do Rio Preto,SP,Ativa
4495,FACULDADE ANHANGUERA JARAGUÁ DO SUL,null,Privada,N,N,N,Faculdade,000000004208906,Jaraguá do Sul,SC,Ativa
17608,Faculdade de Educação Paulistana,FAEP,Privada,N,N,N,Faculdade,000000003550308,São Paulo,SP,Ativa
22121,Faculdade de Ciências Médicas de Três Rios,FCM/TR,Privada,N,N,N,Faculdade,000000003306008,Três Rios,RJ,Ativa
5242,UNIVERSIDADE ESTADUAL DE ALAGOAS - UNEAL,UNEAL,Pública,N,N,N,Universidade,000000002700300,Arapiraca,AL,Ativa
343,CENTRO UNIVERSITÁRIO NEWTON PAIVA,NEWTON PAIVA,Privada,N,N,N,Centro Universitário,000000003106200,Belo Horizonte,MG,Ativa
17670,Faculdade de Quixeramobim,UniQ,Privada,N,N,N,Faculdade,000000002311405,Quixeramobim,CE,Ativa
24046,Faculdade da Associação Médica Paulista,APM,Privada,N,N,N,Faculdade,000000003550308,São Paulo,SP,Ativa
83,UNIVERSIDADE DO VALE DO ITAJAÍ,UNIVALI,Privada,S,N,N,Universidade,000000004208203,Itajaí,SC,Ativa
1374,FACULDADE DE GUARANTÃ DO NORTE,UNIFAMA,Privada,N,N,N,Faculdade,000000005104104,Guarantã do Norte,MT,Ativa
23866,FACULDADE RESULTADOS,FR,Privada,N,N,N,Faculdade,000000005002704,Campo Grande,MS,Ativa
1675,FACULDADE METROPOLITANA DA GRANDE RECIFE,UNESJ,Privada,N,N,N,Faculdade,000000002607901,Jaboatão dos Guararapes,PE,Ativa
1934,FACULDADE SINOP,FASIP,Privada,N,N,N,Faculdade,000000005107909,Sinop,MT,Ativa
21680,FACULDADE CEAFI,,Privada,N,N,N,Faculdade,000000005208707,Goiânia,GO,Ativa
12946,FACULDADE DE MATO GROSSO,FAMAT,Privada,N,N,N,Faculdade,000000005103403,Cuiabá,MT,Ativa
1294,Centro Universitário das Américas,CAM,Privada,N,N,N,Centro Universitário,000000003550308,São Paulo,SP,Ativa
15839,FACULDADE PITÁGORAS UNOPAR DE JOÃO PESSOA,null,Privada,N,N,N,Faculdade,000000002507507,João Pessoa,PB,Ativa
21670,Faculdade Promove de São Paulo,FPSP,Privada,N,N,N,Faculdade,000000003550308,São Paulo,SP,Ativa
2814,FACULDADE SÃO SEBASTIÃO,null,Privada,N,N,N,Faculdade,000000003550704,São Sebastião,SP,Ativa
3837,FACULDADE EVOLUÇÃO,FAEV,Privada,N,N,N,Faculdade,000000003550308,São Paulo,SP,Ativa
13663,FACULDADE ISEIB DE BETIM,FISBE,Privada,N,N,N,Faculdade,000000003106705,Betim,MG,Ativa
774,FACULDADE ALVORADA DE INFORMÁTICA E PROCESSAMENTO DE DADOS,FAIPD,Privada,N,N,N,Faculdade,000000005300108,Brasília,DF,Extinta
3838,FACULDADE ESTÁCIO DE JOÃO PESSOA - ESTÁCIO DE JOÃO PESSOA,null,Privada,N,N,N,Faculdade,000000002507507,João Pessoa,PB,Ativa
4371,FACULDADE PADRE ANCHIETA DE CAJAMAR,null,Privada,N,N,N,Faculdade,000000003509205,Cajamar,SP,Extinta
32,UNIVERSIDADE ESTADUAL DE CIÊNCIAS DA SAÚDE DE ALAGOAS - UNCISAL,UNCISAL,Pública,N,N,N,Universidade,000000002704302,Maceió,AL,Ativa
1,UNIVERSIDADE FEDERAL DE MATO GROSSO,UFMT,Pública,N,N,N,Universidade,000000005103403,Cuiabá,MT,Ativa
4849,Centro Universitário Tocantinense Presidente Antônio Carlos,UNITPAC,Privada,N,N,N,Centro Universitário,000000001702109,Araguaína,TO,Ativa
17460,FACULDADE Profissional,FAPRO,Privada,N,N,N,Faculdade,000000004106902,Curitiba,PR,Ativa
1219,INSTITUTO ITAPETININGANO DE ENSINO SUPERIOR,IIES,Privada,N,N,N,Faculdade,000000003522307,Itapetininga,SP,Ativa
19371,Faculdade Adelina Moura - FAADEMA,FAADEMA,Privada,N,N,N,Faculdade,000000002102325,Buriticupu,MA,Ativa
18696,FACULDADE DYNAMUS DE CAMPINAS,FADYC,Privada,N,N,N,Faculdade,000000003509502,Campinas,SP,Ativa
23162,Centro de Ensino Superior de Contagem,,Privada,N,N,N,Faculdade,000000003118601,Contagem,MG,Extinta
2413,FACULDADE DE ENSINO SUPERIOR DE FLORIANO,FAESF,Privada,N,N,N,Faculdade,000000002203909,Floriano,PI,Ativa
25552,FACULDADE FASIPE PANTANAL,FASIPE,Privada,N,N,N,Faculdade,000000005103403,Cuiabá,MT,Ativa
1639,FACULDADE HÉLIO ROCHA,FHR,Privada,N,N,N,Faculdade,000000002927408,Salvador,BA,Ativa
1980,FACULDADE SINERGIA,SINERGIA,Privada,N,N,N,Faculdade,000000004211306,Navegantes,SC,Ativa
705,CENTRO UNIVERSITÁRIO SÃO JOSÉ,UNISJ,Privada,N,N,N,Centro Universitário,000000003304557,Rio de Janeiro,RJ,Ativa
22420,FACULDADE UNIRB - MACEIO,Faculdade Unirb,Privada,N,N,N,Faculdade,000000002704302,Maceió,AL,Ativa
22246,"Faculdade do Amazonas de Ensino, Pesquisa e Inovação",FAMEPI,Privada,N,N,N,Faculdade,000000001302603,Manaus,AM,Ativa
19909,Faculdade ICTQ/PGE,ICTQ/PGE,Privada,N,N,N,Faculdade,000000005201108,Anápolis,GO,Ativa
1120,"INSTITUTO FEDERAL DE EDUCAÇÃO, CIÊNCIA E TECNOLOGIA FLUMINENSE",IF Fluminense,Pública,N,N,N,"Instituto Federal de Educação, Ciência e Tecnologia",000000003301009,Campos dos Goytacazes,RJ,Ativa
1708,CENTRO UNIVERSITARIO DO RECIFE,UNIPESU,Privada,N,N,N,Centro Universitário,000000002611606,Recife,PE,Ativa
24381,FACULDADE GEORGINA,FAGEO,Privada,N,N,N,Faculdade,000000002302602,Camocim,CE,Ativa
1927,Ugv Centro Universitário,null,Privada,N,N,N,Centro Universitário,000000004128203,União da Vitória,PR,Ativa
14169,Faculdade Presidente Antônio Carlos de Itambacuri,null,Privada,N,N,N,Faculdade,000000003132701,Itambacuri,MG,Extinta
849,FACULDADE JESUÍTA DE FILOSOFIA E TEOLOGIA,FAJE,Privada,N,S,N,Faculdade,000000003106200,Belo Horizonte,MG,Ativa
23002,Faculdade de Tecnologia e Ciências - FTC N. Sra. do Socorro,FTC N S Socorro,Privada,N,N,N,Faculdade,000000002804805,Nossa Senhora do Socorro,SE,Ativa
3227,FACULDADE DE SISTEMA DE INFORMAÇÃO,ITPAC,Privada,N,N,N,Faculdade,000000001702109,Araguaína,TO,Extinta
589,UNIVERSIDADE FEDERAL RURAL DO SEMI-ÁRIDO,UFERSA,Pública,N,N,N,Universidade,000000002408003,Mossoró,RN,Ativa
2034,FACULDADE DE CIÊNCIAS CONTÁBEIS DE ARAGUAÍNA,ITPAC,Privada,N,N,N,Faculdade,000000001702109,Araguaína,TO,Extinta
18506,UNIVERSIDADE FEDERAL DO OESTE DA BAHIA,UFOB,Pública,N,N,N,Universidade,000000002903201,Barreiras,BA,Ativa
17632,Faculdade CESUMAR de Londrina,FAC-CESUMAR,Privada,N,N,N,Faculdade,000000004113700,Londrina,PR,Ativa
4020,FACULDADE DE TECNOLOGIA DE BOTUCATU,FATEC BT,Pública,N,N,N,Faculdade,000000003507506,Botucatu,SP,Ativa
2355,FACULDADE ANHANGUERA DE MATÃO,null,Privada,N,N,N,Faculdade,000000003529302,Matão,SP,Ativa
18462,FACULDADE PROMOVE DE CURVELO,FACURVELO,Privada,N,N,N,Faculdade,000000003120904,Curvelo,MG,Ativa
5036,"INSTITUTO FEDERAL DE EDUCAÇÃO, CIÊNCIA E TECNOLOGIA CATARINENSE",IF Catarinense,Pública,N,N,N,"Instituto Federal de Educação, Ciência e Tecnologia",000000004202404,Blumenau,SC,Ativa
3495,FACULDADE PINHALZINHO,HORUS,Privada,N,N,N,Faculdade,000000004212908,Pinhalzinho,SC,Ativa
12620,FACULDADE SETE LAGOAS,FACSETE,Privada,N,N,N,Faculdade,000000003167202,Sete Lagoas,MG,Ativa
1658,CENTRO UNIVERSITÁRIO DA GRANDE FORTALEZA,UNIGRANDE,Privada,N,N,N,Centro Universitário,000000002304400,Fortaleza,CE,Ativa
1032,CENTRO UNIVERSITÁRIO SALESIANO DE SÃO PAULO,UNISAL,Privada,N,N,N,Centro Universitário,000000003501608,Americana,SP,Ativa
5023,FACULDADE SANTO AUGUSTO,FAISA,Privada,N,N,N,Faculdade,000000004317806,Santo Augusto,RS,Extinta
14313,NOVA FACULDADE,NF,Privada,N,N,N,Faculdade,000000003118601,Contagem,MG,Ativa
19475,Faculdade Docktor,FADOCKTOR,Privada,N,N,N,Faculdade,000000003143906,Muriaé,MG,Ativa
1713,FACULDADE DE TECNOLOGIA DE SÃO VICENTE,FATEF,Privada,N,N,N,Faculdade,000000003551009,São Vicente,SP,Ativa
753,FACULDADE DE CIÊNCIAS HUMANAS DO SERTÃO CENTRAL,FACHUSC,Pública,N,N,N,Faculdade,000000002612208,Salgueiro,PE,Ativa
370,FACULDADE PAULISTA DE ARTES,FPA,Privada,N,N,N,Faculdade,000000003550308,São Paulo,SP,Ativa
24209,Faculdade Soberana de Jacobina,Soberana,Privada,N,N,N,Faculdade,000000002917508,Jacobina,BA,Ativa
82,UNIVERSIDADE DO OESTE DE SANTA CATARINA,UNOESC,Privada,S,N,N,Universidade,000000004209003,Joaçaba,SC,Ativa
22249,FACULDADE DE DIREITO ATAME,ATAME,Privada,N,N,N,Faculdade,000000005208707,Goiânia,GO,Ativa
1229,INSTITUTO DE ENSINO SUPERIOR DO NORDESTE,IESNE,Privada,N,N,N,Faculdade,000000002704302,Maceió,AL,Extinta
4777,FACULDADE KENNEDY DE BELO HORIZONTE,FKBH,Privada,N,N,N,Faculdade,000000003106200,Belo Horizonte,MG,Ativa
1827,FACULDADE LUTERANA DE TEOLOGIA,FLT,Privada,N,N,N,Faculdade,000000004215802,São Bento do Sul,SC,Ativa
352,CENTRO UNIVERSITÁRIO DE JOÃO PESSOA,UNIPÊ,Privada,N,N,N,Centro Universitário,000000002507507,João Pessoa,PB,Ativa
17744,Faculdade Estácio de Manaus,Estácio Manaus,Privada,N,N,N,Faculdade,000000001302603,Manaus,AM,Extinta
2091,INSTITUTO SUPERIOR DE EDUCAÇÃO PRÓ-SABER,ISEPS,Privada,N,N,N,Faculdade,000000003304557,Rio de Janeiro,RJ,Ativa
4185,FACULDADE PERUIBE,FPBE,Privada,N,N,N,Faculdade,000000003537602,Peruíbe,SP,Ativa
3615,FACULDADE PERNAMBUCANA DE SAÚDE,FPS,Privada,S,N,N,Faculdade,000000002611606,Recife,PE,Ativa
1452,FACULDADE ANHANGUERA DO MARANHÃO,null,Privada,N,N,N,Faculdade,000000002111300,São Luís,MA,Ativa
18623,FACULDADE DE ESTUDOS SUPERIORES DO MARANHÃO,FESCEMP,Privada,N,N,N,Faculdade,000000002111300,São Luís,MA,Ativa
21112,Faculdade XP Educação - IGTI,XPE,Privada,N,N,N,Faculdade,000000003106200,Belo Horizonte,MG,Ativa
2076,CENTRO UNIVERSITÁRIO UNIRB,UNIRB,Privada,N,N,N,Centro Universitário,000000002927408,Salvador,BA,Ativa
5124,FACULDADE FACMIL,null,Privada,N,N,N,Faculdade,000000003549805,São José do Rio Preto,SP,Ativa
14148,Faculdade Presidente Antônio Carlos de Mariana,FAPAM,Privada,N,N,N,Faculdade,000000003140001,Mariana,MG,Ativa
21288,FACULDADE ESTÁCIO DE SÃO JOSÉ DOS PINHAIS,,Privada,N,N,N,Faculdade,000000004125506,São José dos Pinhais,PR,Extinta
1092,FACULDADES INTEGRADAS DE BAURU,FIB,Privada,N,N,N,Faculdade,000000003506003,Bauru,SP,Ativa
1241,FACULDADE ESPÍRITO SANTENSE DE ENSINO TECNOLÓGICO,FAESTE,Privada,N,N,N,Faculdade,000000003201308,Cariacica,ES,Extinta
2911,FACULDADE PAN AMAZÔNICA,FAPAN,Privada,N,N,N,Faculdade,000000001501402,Belém,PA,Ativa
19788,FACULDADE ANHANGUERA DE PARAUAPEBAS,,Privada,N,N,N,Faculdade,000000001505536,Parauapebas,PA,Ativa
4784,FACULDADE CDL,null,Privada,N,N,N,Faculdade,000000002304400,Fortaleza,CE,Ativa
15059,UNIVERSIDADE FEDERAL DO OESTE DO PARÁ,UFOPA,Pública,N,N,N,Universidade,000000001506807,Santarém,PA,Ativa
24526,Faculdade Endex,Endex,Privada,N,N,N,Faculdade,000000003152501,Pouso Alegre,MG,Ativa
3896,Faculdade Paulista de Comunicação,FEPAC,Privada,N,N,N,Faculdade,000000003550308,São Paulo,SP,Ativa
17749,Faculdade América,América,Privada,N,N,N,Faculdade,000000003201209,Cachoeiro de Itapemirim,ES,Ativa
994,Faculdade de Duque de Caxias,FDC,Privada,N,N,N,Faculdade,000000003301702,Duque de Caxias,RJ,Ativa
4959,FACULDADE ANHANGUERA DE FEIRA DE SANTANA,null,Privada,N,N,N,Faculdade,000000002910800,Feira de Santana,BA,Ativa
15769,Faculdade de Tecnologia de Jales,Fatec Jales,Pública,N,N,N,Faculdade,000000003524808,Jales,SP,Ativa
4086,FACULDADE DE TECNOLOGIA JARDIM,FATEJ,Privada,N,N,N,Faculdade,000000003547809,Santo André,SP,Ativa
3840,CENTRO UNIVERSITÁRIO FACVEST,UNIFACVEST,Privada,N,N,N,Centro Universitário,000000004209300,Lages,SC,Ativa
19252,FACULDADE DE TECNOLOGIA ALPHA CHANNEL,FATAC,Privada,N,N,N,Faculdade,000000003550308,São Paulo,SP,Ativa
125,CENTRO UNIVERSITÁRIO DE ARARAS -,UNAR,Privada,N,N,N,Centro Universitário,000000003503307,Araras,SP,Ativa
3,UNIVERSIDADE FEDERAL DE SERGIPE,UFS,Pública,N,N,N,Universidade,000000002806701,São Cristóvão,SE,Ativa
20584,FACULDADE SANTANA,,Privada,N,N,N,Faculdade,000000002210607,São Raimundo Nonato,PI,Ativa
23280,FACULDADE DE EDUCAÇÃO SUPERIOR IESLA,IESLA,Privada,N,N,N,Faculdade,000000003106200,Belo Horizonte,MG,Ativa
474,FACULDADE DE FILOSOFIA CIÊNCIAS E LETRAS DOM BOSCO,FFCLDB,Privada,N,N,N,Faculdade,000000003304201,Resende,RJ,Ativa
22022,Instituto de Educação Morumbi,IEM,Privada,N,N,N,Instituição Especialmente Credenciada para oferta de cursos lato sensu,000000003550308,São Paulo,SP,Extinta
4597,FACULDADE FUTURA,null,Privada,N,N,N,Faculdade,000000003557105,Votuporanga,SP,Ativa
17613,ACADEMIA NACIONAL DE POLÍCIA - ANP,ANP,Pública,N,N,N,Escola de Governo,000000005300108,Brasília,DF,Ativa
19284,FACULDADE BRASILEIRA DO RECÔNCAVO,FBBR,Privada,N,N,N,Faculdade,000000002909802,Cruz das Almas,BA,Ativa
593,CENTRO FEDERAL DE EDUCAÇÃO TECNOLÓGICA CELSO SUCKOW DA FONSECA,CEFET/RJ,Pública,N,N,N,Centro Federal de Educação Tecnológica,000000003304557,Rio de Janeiro,RJ,Ativa
4442,ESCOLA SUPERIOR PAULISTA DE ADMINISTRAÇÃO - ESPA,ESPA,Privada,N,N,N,Faculdade,000000003518800,Guarulhos,SP,Extinta
12410,INSTITUTO SUPERIOR DO MINISTERIO PUBLICO,ISMP,Privada,N,N,N,Faculdade,000000003304557,Rio de Janeiro,RJ,Ativa
3336,UNIVERSIDADE ESTADUAL DO RIO GRANDE DO SUL,UERGS,Pública,N,N,N,Universidade,000000004314902,Porto Alegre,RS,Ativa
3516,FACULDADE DE CIÊNCIAS DA SAÚDE ARCHIMEDES THEODORO,FAC - SAUDE ARTHE,Privada,N,N,N,Faculdade,000000003101508,Além Paraíba,MG,Ativa
2808,FACULDADES ITECNE DE CASCAVEL,ITECNE,Privada,N,N,N,Faculdade,000000004104808,Cascavel,PR,Ativa
18625,Faculdade Anhanguera De Vitória Da Conquista,,Privada,N,N,N,Faculdade,000000002933307,Vitória da Conquista,BA,Ativa
3278,FACULDADE DE TECNOLOGIA MARTINUS,FACULDADES MARTINUS,Privada,N,N,N,Faculdade,000000004106902,Curitiba,PR,Extinta
4791,FACULDADE DE TECNOLOGIA CENTEC - CARIRI,CENTEC,Privada,N,N,N,Faculdade,000000002307304,Juazeiro do Norte,CE,Ativa
3640,FACULDADE DE CIÊNCIAS ECONÔMICAS DE JEQUIÉ,FCEJ,Privada,N,N,N,Faculdade,000000002918001,Jequié,BA,Extinta
3612,FACULDADE ANHANGUERA DE VALINHOS,null,Privada,N,N,N,Faculdade,000000003556206,Valinhos,SP,Ativa
2246,FACULDADE METROPOLITANA DE CIENCIAS E TECNOLOGIA,FAMEC,Privada,N,N,N,Faculdade,000000002403251,Parnamirim,RN,Ativa
24463,Faculdade Vitória em Cristo,FVC,Privada,N,N,N,Faculdade,000000003304557,Rio de Janeiro,RJ,Ativa
1382,Faculdades EST,EST,Privada,S,S,N,Faculdade,000000004318705,São Leopoldo,RS,Ativa
1756,FACULDADE ASSOCIADA BRASIL,FAB,Privada,N,N,N,Faculdade,000000003550308,São Paulo,SP,Ativa
4836,FACULDADE DE EDUCAÇÃO  ACRIANA EUCLIDES DA CUNHA,INEC,Privada,N,N,N,Faculdade,000000001200401,Rio Branco,AC,Ativa
87,CENTRO UNIVERSITÁRIO DE BRUSQUE,UNIFEBE,Privada,N,N,N,Centro Universitário,000000004202909,Brusque,SC,Ativa
20330,Faculdade Educacional Araucária,Facear,Privada,N,N,N,Faculdade,000000004107652,Fazenda Rio Grande,PR,Ativa
19207,Faculdade Supremo,Supremo,Privada,N,N,N,Faculdade,000000003106200,Belo Horizonte,MG,Ativa
2556,FIAM-FAAM - CENTRO UNIVERSITÁRIO,UNIFIAM-FAAM,Privada,N,N,N,Centro Universitário,000000003550308,São Paulo,SP,Ativa
1362,Centro Universitário Governador Ozanam Coelho,UNIFAGOC,Privada,N,N,N,Centro Universitário,000000003169901,Ubá,MG,Ativa
21631,FACULDADE SUPREMO REDENTOR,FACSUR,Privada,N,N,N,Faculdade,000000002108603,Pinheiro,MA,Ativa
19325,Faculdade do Centro Oeste Paulista,FACOP,Privada,N,N,N,Faculdade,000000003539400,Piratininga,SP,Ativa
15680,Fatec Cruzeiro - Prof. Waldomiro May,,Pública,N,N,N,Faculdade,000000003513405,Cruzeiro,SP,Ativa
1400,Centro Universitário da Indústria,Unindus,Privada,N,N,N,Centro Universitário,000000004125506,São José dos Pinhais,PR,Ativa
1682,Faculdade Católica Salesiana de Macaé,FCSMA,Privada,N,N,N,Faculdade,000000003302403,Macaé,RJ,Ativa
3371,CENTRO UNIVERSITÁRIO DE PATOS DE MINAS,UNIPAM,Privada,N,N,N,Centro Universitário,000000003148004,Patos de Minas,MG,Ativa
18719,FACULDADE DE EDUCAÇÃO DE SANTA CATARINA,FAESC,Privada,N,N,N,Faculdade,000000004205407,Florianópolis,SC,Ativa
4220,FACULDADE DE CIÊNCIAS GERENCIAIS DE BICAS,FCGB,Privada,N,N,N,Faculdade,000000003106903,Bicas,MG,Extinta
353,FACULDADE EVANGÉLICA MACKENZIE DO PARANÁ,FEMPAR,Privada,N,N,N,Faculdade,000000004106902,Curitiba,PR,Ativa
1664,FACULDADE DA SAÚDE E ECOLOGIA HUMANA,FASEH,Privada,N,N,N,Faculdade,000000003171204,Vespasiano,MG,Ativa
17688,FACULDADE FADAM,FADAM,Privada,N,N,N,Faculdade,000000002304400,Fortaleza,CE,Ativa
5444,"FACULDADE DE EDUCAÇÃO, TECNOLOGIA E ADMINISTRAÇÃO DE CAARAPÓ",null,Privada,N,N,N,Faculdade,000000005002407,Caarapó,MS,Extinta
17138,Centro Universitário - Católica de Santa Catarina em Joinville,Católica em Joinvile,Privada,S,N,N,Centro Universitário,000000004209102,Joinville,SC,Ativa
17775,Faculdade de Ciências da Saúde de Serra Talhada,FACISST,Pública,N,N,N,Faculdade,000000002613909,Serra Talhada,PE,Ativa
21436,Escola de Comando e Estado-Maior do Exército,ECEME,Pública,N,N,N,Instituição Especialmente Credenciada para oferta de cursos lato sensu,000000003304557,Rio de Janeiro,RJ,Ativa
2904,FACULDADE JK - GUARÁ,JK,Privada,N,N,N,Faculdade,000000005300108,Brasília,DF,Ativa
2067,Centro Universitário de Ciências e Empreendedorismo,UNIFACEMP,Privada,N,N,N,Centro Universitário,000000002928703,Santo Antônio de Jesus,BA,Ativa
5388,Faculdade Santista - FASAN,null,Privada,N,N,N,Faculdade,000000003548500,Santos,SP,Extinta
3205,CENTRO UNIVERSITÁRIO DE VIÇOSA,UNIVIÇOSA,Privada,N,N,N,Centro Universitário,000000003171303,Viçosa,MG,Ativa
1402,INSTITUTO DE CIÊNCIAS SOCIAIS E HUMANAS,ICSH,Privada,N,N,N,Faculdade,000000005221858,Valparaíso de Goiás,GO,Ativa
21488,Escola de Administração e Negócios,ESAD,Privada,N,N,N,Instituição Especialmente Credenciada para oferta de cursos lato sensu,000000005300108,Brasília,DF,Ativa
22758,Faculdade Una de Itabira,Una,Privada,N,N,N,Faculdade,000000003131703,Itabira,MG,Ativa
707,CENTRO UNIVERSITÁRIO CENTRAL PAULISTA,UNICEP,Privada,N,N,N,Centro Universitário,000000003548906,São Carlos,SP,Ativa
23410,UNIVERSIDADE ESTADUAL DA REGIÃO TOCANTINA DO MARANHÃO,UEMASUL,Pública,N,N,N,Universidade,000000002105302,Imperatriz,MA,Ativa
3228,FACULDADE DE ADMINISTRAÇÃO,ITPAC,Privada,N,N,N,Faculdade,000000001702109,Araguaína,TO,Extinta
21891,FACULDADE DO SERTÃO DO ARARIPE,FASA,Privada,N,N,N,Faculdade,000000002615607,Trindade,PE,Ativa
1621,FACULDADE NETWORK,NWK,Privada,N,N,N,Faculdade,000000003533403,Nova Odessa,SP,Ativa
1591,FACULDADE ESTÁCIO MACAPÁ - ESTÁCIO MACAPÁ,ESTÁCIO MACAPÁ,Privada,N,N,N,Faculdade,000000001600303,Macapá,AP,Ativa
17928,Faculdade Aliança Educacional do Estado de São Paulo,,Privada,N,N,N,Faculdade,000000003522505,Itapevi,SP,Ativa
1051,FACULDADE DA SEUNE,SEUNE,Privada,N,N,N,Faculdade,000000002704302,Maceió,AL,Ativa
4107,FACULDADE DE TECNOLOGIA SENAI PORTO ALEGRE,FATEC SENAI,Privada,N,N,N,Faculdade,000000004314902,Porto Alegre,RS,Ativa
22643,Faculdade Metropolitana de Tefé,FAMETRO,Privada,N,N,N,Faculdade,000000001304203,Tefé,AM,Ativa
3431,FACULDADE DO SERIDÓ,FAS,Privada,N,N,N,Faculdade,000000002403103,Currais Novos,RN,Ativa
19266,Faculdade Pitagoras de Sete Lagoas,,Privada,N,N,N,Faculdade,000000003167202,Sete Lagoas,MG,Extinta
5020,FACULDADE DE EDUCAÇÃO TECNOLÓGICA DO ESTADO DO RIO DE JANEIRO - FAETERJ,FAETERJ S ANT. PÁDUA,Pública,N,N,N,Faculdade,000000003304706,Santo Antônio de Pádua,RJ,Ativa
1322,FACULDADE EDUVALE DE AVARÉ,EDUVALE,Privada,N,N,N,Faculdade,000000003504503,Avaré,SP,Ativa
1581,FACULDADE DE SANTA LUZIA,FACSAL,Privada,N,N,N,Faculdade,000000003157807,Santa Luzia,MG,Ativa
25776,L2 LABOR,L2 LABOR,Privada,N,N,N,Faculdade,000000002708006,Santana do Ipanema,AL,Ativa
14869,Faculdade Faipe,null,Privada,N,N,N,Faculdade,000000005103403,Cuiabá,MT,Ativa
4101,FACULDADE DE TECNOLOGIA SENAI DE DESENVOLVIMENTO GERENCIAL,FATESG,Privada,N,N,N,Faculdade,000000005208707,Goiânia,GO,Ativa
18880,Sistema Educacional Corporativo da Petrobras,,Privada,N,N,N,Escola de Governo,000000003304557,Rio de Janeiro,RJ,Ativa
3618,FACULDADE LUSÓFONA DE SÃO PAULO,FL-SP,Privada,N,N,N,Faculdade,000000003513009,Cotia,SP,Ativa
25352,Universidade Federal de Rondonópolis,UFR,Pública,N,N,N,Universidade,000000005107602,Rondonópolis,MT,Ativa
3794,FACULDADE DE TECNOLOGIA DE MINAS GERAIS,FATEMG,Privada,N,N,N,Faculdade,000000003131307,Ipatinga,MG,Extinta
1076,FACULDADE CATÓLICA DA PARAÍBA,null,Privada,N,N,N,Faculdade,000000002503704,Cajazeiras,PB,Ativa
677,Faculdades Reunidas da ASCE,FRASCE,Privada,N,N,N,Faculdade,000000003304557,Rio de Janeiro,RJ,Ativa
12758,Faculdade Unesc-Unama,null,Privada,N,N,N,Faculdade,000000001100205,Porto Velho,RO,Ativa
19860,FACULDADE CONCEITO EDUCACIONAL,FACCON,Privada,N,N,N,Faculdade,000000002601201,Arcoverde,PE,Ativa
15803,FACULDADE DE TECNOLOGIA DE TATUÍ - PROF. WILSON ROBERTO RIBEIRO DE CAMARGO,FATEC TATUÍ,Pública,N,N,N,Faculdade,000000003554003,Tatuí,SP,Ativa
1153,UNIVERSIDADE CÂNDIDO MENDES,UCAM,Privada,N,N,N,Universidade,000000003304557,Rio de Janeiro,RJ,Ativa
22329,FACULDADE UNINTA FORTALEZA,null,Privada,N,N,N,Faculdade,000000002304400,Fortaleza,CE,Ativa
23252,Escola Superior UNA de Itumbiara,,Privada,N,N,N,Faculdade,000000005211503,Itumbiara,GO,Ativa
26097,Faculdade Soberana de Cachoeiro do Itapemirim,SOBERANA,Privada,N,N,N,Faculdade,000000003201209,Cachoeiro de Itapemirim,ES,Ativa
3663,FACULDADE FORTIUM DE BRASÍLIA,FFB,Privada,N,N,N,Faculdade,000000005300108,Brasília,DF,Extinta
22405,SVT FACULDADE DE ENSINO SUPERIOR,SVT,Privada,N,N,N,Faculdade,000000002111300,São Luís,MA,Ativa
396,Centro Universitário Ruy Barbosa Wyden,UniRuy Wyden,Privada,N,N,N,Centro Universitário,000000002927408,Salvador,BA,Ativa
5133,FACULDADE SENAC SÃO MIGUEL DO OESTE,null,Privada,N,N,N,Faculdade,000000004217204,São Miguel do Oeste,SC,Ativa
18703,Ensino Superior Albert Sabin JK,ESAS JK,Privada,N,N,N,Faculdade,000000005300108,Brasília,DF,Ativa
21344,FACULDADE UNICPO,FACULDADE UNICPO,Privada,N,N,N,Faculdade,000000003557006,Votorantim,SP,Ativa
145,FACULDADE DE CIÊNCIAS HUMANAS E SOCIAIS,FCHS,Privada,N,N,N,Faculdade,000000003304557,Rio de Janeiro,RJ,Extinta
2853,FACULDADE PITÁGORAS DE TECNOLOGIA DE GUARAPARI,null,Privada,N,N,N,Faculdade,000000003202405,Guarapari,ES,Extinta
321,FACULDADE UNIDAS DE TATUI,FDT,Privada,N,N,N,Faculdade,000000003554003,Tatuí,SP,Extinta
21882,Faculdade Pitágoras de Altamira,,Privada,N,N,N,Faculdade,000000001500602,Altamira,PA,Ativa
1765,FACULDADE DE JOSÉ BONIFÁCIO,FJB,Privada,N,N,N,Faculdade,000000003525706,José Bonifácio,SP,Extinta
24457,Faculdade Paraíso Araripina,FAP,Privada,N,N,N,Faculdade,000000002601102,Araripina,PE,Ativa
143,UNIVERSIDADE DE UBERABA,UNIUBE,Privada,N,N,N,Universidade,000000003170107,Uberaba,MG,Ativa
22715,FACULDADE PITÁGORAS UNOPAR DE CANINDÉ,,Privada,N,N,N,Faculdade,000000002302800,Canindé,CE,Ativa
1409,FACULDADE DO CENTRO LESTE,UCL,Privada,N,N,N,Faculdade,000000003205002,Serra,ES,Ativa
526,CENTRO UNIVERSITÁRIO BRAZ CUBAS,,Privada,N,N,N,Centro Universitário,000000003530607,Mogi das Cruzes,SP,Ativa
1087,CENTRO UNIVERSITÁRIO APARÍCIO CARVALHO,null,Privada,N,N,N,Centro Universitário,000000001100205,Porto Velho,RO,Ativa
1571,FACULDADE UNIME DE CIÊNCIAS SOCIAIS,FCS,Privada,N,N,N,Faculdade,000000002919207,Lauro de Freitas,BA,Ativa
2409,CENTRO UNIVERSITÁRIO TABOSA DE ALMEIDA,ASCES-UNITA,Privada,S,N,N,Centro Universitário,000000002604106,Caruaru,PE,Ativa
2341,FACULDADE DA ALDEIA DE CARAPICUÍBA,FALC,Privada,N,N,N,Faculdade,000000003510609,Carapicuíba,SP,Extinta
3724,FACULDADE MARANHENSE SÃO JOSÉ DOS COCAIS,FSJ,Privada,N,N,N,Faculdade,000000002112209,Timon,MA,Ativa
361,Faculdade Paulista de Serviço Social de São Caetano do Sul,FAPSS,Privada,N,N,N,Faculdade,000000003548807,São Caetano do Sul,SP,Ativa
1394,FACULDADE CASTRO ALVES,FCA,Privada,N,N,N,Faculdade,000000002927408,Salvador,BA,Ativa
13883,FACULDADE MURIALDO,FAMUR,Privada,N,S,N,Faculdade,000000004305108,Caxias do Sul,RS,Ativa
23099,Faculdade Anhanguera de Palmas,,Privada,N,N,N,Faculdade,000000001721000,Palmas,TO,Ativa
3793,FACULDADE DE FRUTAL,FAF,Privada,N,N,N,Faculdade,000000003127107,Frutal,MG,Ativa
2935,Centro Universitário de Talentos Humanos,Facthus,Privada,N,N,N,Centro Universitário,000000003170107,Uberaba,MG,Ativa
3972,CENTRO SUPERIOR DE ENSINO E PESQUISA DE MACHADO,CESEP,Privada,N,N,N,Faculdade,000000003139003,Machado,MG,Ativa
23236,Escola Superior São Judas de Guarulhos,,Privada,N,N,N,Faculdade,000000003518800,Guarulhos,SP,Ativa
3643,Faculdades Integradas do Rio Grande do Norte - FANORTES,null,Privada,N,N,N,Faculdade,000000002408102,Natal,RN,Extinta
21938,FACULDADE METROPOLITANA DE CAMAQUÃ,FAMECA,Privada,N,N,N,Faculdade,000000004303509,Camaquã,RS,Extinta
142,CENTRO UNIVERSITÁRIO DO TRIÂNGULO,UNITRI,Privada,N,N,N,Centro Universitário,000000003170206,Uberlândia,MG,Ativa
17617,ESCOLA NACIONAL DE ADMINISTRAÇÃO PÚBLICA,ENAP,Pública,N,N,N,Escola de Governo,000000005300108,Brasília,DF,Ativa
1201,FACULDADE DE ADMINISTRAÇÃO MILTON CAMPOS,FAMC,Privada,N,N,N,Faculdade,000000003144805,Nova Lima,MG,Ativa
2342,INSTITUTO SUPERIOR DE EDUCAÇÃO CERES,ISE-CERES,Privada,N,N,N,Faculdade,000000003549805,São José do Rio Preto,SP,Ativa
23895,Faculdade Pitágoras de Cachoeiro de Itapemirim,,Privada,N,N,N,Faculdade,000000003201209,Cachoeiro de Itapemirim,ES,Ativa
1723,STRONG BUSINESS SCHOOL,null,Privada,N,N,N,Faculdade,000000003547809,Santo André,SP,Ativa
507,Faculdade Mais de Ituiutaba,FacMais,Privada,N,N,N,Faculdade,000000003134202,Ituiutaba,MG,Ativa
24899,Faculdade Anhanguera do Amazonas,,Privada,N,N,N,Faculdade,000000001302603,Manaus,AM,Ativa
2491,INSTITUTO SUPERIOR DE EDUCAÇÃO DO CECAP,ISCECAP,Privada,N,N,N,Faculdade,000000005300108,Brasília,DF,Ativa
1247,FACULDADE DE CIÊNCIAS CONTÁBEIS DE NOVA ANDRADINA - FACINAN,FACINAN,Privada,N,N,N,Faculdade,000000005006200,Nova Andradina,MS,Ativa
2437,FACULDADE ANHANGUERA DE TEIXEIRA DE FREITAS,null,Privada,N,N,N,Faculdade,000000002931350,Teixeira de Freitas,BA,Ativa
282,FACULDADE DE CIÊNCIAS ADMINISTRATIVAS E CONTÁBEIS COSTA BRAGA,FCB,Privada,N,N,N,Faculdade,000000003550308,São Paulo,SP,Extinta
4295,FACULDADE DE TECNOLOGIA SENAI CETIND,null,Privada,N,N,N,Faculdade,000000002919207,Lauro de Freitas,BA,Extinta
2772,INSTITUTO SUPERIOR DE EDUCAÇÃO MANHUMIRIM,FACULDADES DOCTUM,Privada,N,N,N,Faculdade,000000003139508,Manhumirim,MG,Extinta
23842,FACULDADE SENAC CEARA,SENACCE,Privada,N,N,N,Faculdade,000000002304400,Fortaleza,CE,Ativa
2328,FACULDADE ITEANA DE BOTUCATU,FITB,Privada,N,N,N,Faculdade,000000003507506,Botucatu,SP,Ativa
3989,FACULDADE DE TECNOLOGIA DE JOÃO PESSOA,FATEC,Privada,N,N,N,Faculdade,000000002507507,João Pessoa,PB,Extinta
3294,CENTRO UNIVERSITÁRIO FAVENI,UNIFAVENI,Privada,N,N,N,Centro Universitário,000000003518800,Guarulhos,SP,Ativa
21978,Faculdade Edufor de Salvador,EDUFOR,Privada,N,N,N,Faculdade,000000002927408,Salvador,BA,Ativa
4421,FACULDADE DE TECNOLOGIA SENAI BELO HORIZONTE,FATEC SENAI BH,Privada,N,N,N,Faculdade,000000003106200,Belo Horizonte,MG,Extinta
25988,FACULDADE PHYSIO CURSOS,FACPHYSIO,Privada,N,N,N,Faculdade,000000003550308,São Paulo,SP,Ativa
14783,FACULDADE DE TECNOLOGIA SENAI TOLEDO,,Privada,N,N,N,Faculdade,000000004127700,Toledo,PR,Extinta
2549,FACULDADE DE IBIÚNA,null,Privada,N,N,N,Faculdade,000000003519709,Ibiúna,SP,Extinta
17876,FACULDADE ESPÍRITO SANTO,FAES,Privada,N,N,N,Faculdade,000000002910727,Eunápolis,BA,Ativa
21463,FACULDADE DE ENSINO PORTAL,FEP,Privada,N,N,N,Faculdade,000000002309607,Pacajus,CE,Ativa
25392,Faculdade G8,FG8,Privada,N,N,N,Faculdade,000000003550308,São Paulo,SP,Ativa
23733,FACULDADE RIO GUARIBAS,FaRG,Privada,N,N,N,Faculdade,000000002208007,Picos,PI,Ativa
13238,INSTITUTO BRASILEIRO DE EDUCACAO SUPERIOR CONTINUADA,IBEC,Privada,N,N,N,Faculdade,000000003305109,São João de Meriti,RJ,Extinta
2311,FACULDADE KENNEDY DE MINAS GERAIS - FKMG,FKMG,Privada,N,N,N,Faculdade,000000003106200,Belo Horizonte,MG,Ativa
4590,FACULDADE DE TECNOLOGIA FATEP,FATEP,Privada,N,N,N,Faculdade,000000003543907,Rio Claro,SP,Extinta
1451,FACULDADES INTEGRADAS DE SÃO CARLOS,FADISC,Privada,N,N,N,Faculdade,000000003548906,São Carlos,SP,Extinta
20494,Faculdade Autônoma do Brasil - Maceió,FBR Maceió,Privada,N,N,N,Faculdade,000000002704302,Maceió,AL,Ativa
160,FACULDADE FRASSINETTI DO RECIFE,FAFIRE,Privada,S,N,N,Faculdade,000000002611606,Recife,PE,Ativa
3807,FACULDADE DE TECNOLOGIA IAPEC,IAPEC,Privada,N,N,N,Faculdade,000000004113700,Londrina,PR,Extinta
11429,FACULDADE ESPECIALIZADA NA ÁREA DE SAÚDE DO RIO GRANDE DO SUL,FASURGS,Privada,N,N,N,Faculdade,000000004314100,Passo Fundo,RS,Ativa
1940,FACULDADE DE NOVA SERRANA,FANS,Privada,N,N,N,Faculdade,000000003145208,Nova Serrana,MG,Ativa
22437,Faculdade da Amazônia Legal,FAMA,Privada,N,N,N,Faculdade,000000005103205,Colíder,MT,Ativa
15687,Faculdade de Tecnologia de Pindamonhangaba,FATEC PI,Pública,N,N,N,Faculdade,000000003538006,Pindamonhangaba,SP,Ativa
3964,FACULDADE DE TECNOLOGIA PADRE ANCHIETA,CETEPA,Privada,N,N,N,Faculdade,000000003525904,Jundiaí,SP,Extinta
4239,FACULDADE NACIONAL DE RIO DO SUL,FANRIOS,Privada,N,N,N,Faculdade,000000004214805,Rio do Sul,SC,Extinta
1500,Faculdade UNIGUAÇU,FAC UNIGUAÇU,Privada,N,N,N,Faculdade,000000004125704,São Miguel do Iguaçu,PR,Ativa
4148,FACULDADE DE TECNOLOGIA SENAI SÃO JOSÉ,SENAISC,Privada,N,N,N,Faculdade,000000004216602,São José,SC,Extinta
21935,Fundação Escola Lince Kempim,FELK,Privada,N,N,N,Faculdade,000000001101500,Seringueiras,RO,Ativa
162,CENTRO UNIVERSITÁRIO BELAS ARTES DE SÃO PAULO,FEBASP,Privada,N,N,N,Centro Universitário,000000003550308,São Paulo,SP,Ativa
22128,Faculdade de Ciências Jurídicas de Campina Grande,,Privada,N,N,N,Faculdade,000000002504009,Campina Grande,PB,Ativa
1650,FACULDADE J. SIMÕES ENSINO SUPERIOR,FABAVI,Privada,N,N,N,Faculdade,000000003202405,Guarapari,ES,Extinta
24400,FACULDADE DOCTUM DE SETE LAGOAS,DOCTUM,Privada,N,N,N,Faculdade,000000003167202,Sete Lagoas,MG,Ativa
18304,FACULDADE ARIANO SUASSUNA - UNIVAS,null,Privada,N,N,N,Faculdade,000000001302504,Manacapuru,AM,Ativa
14213,Faculdade Presidente Antônio Carlos de Setubinha,FUNEES,Privada,N,N,N,Faculdade,000000003165552,Setubinha,MG,Extinta
25275,UNIVERSIDADE FEDERAL DO AGRESTE DE PERNAMBUCO,UFAPE,Pública,N,N,N,Universidade,000000002606002,Garanhuns,PE,Ativa
1937,FACULDADE EVANGÉLICA DE SALVADOR,FACESA,Privada,N,N,N,Faculdade,000000002927408,Salvador,BA,Ativa
13643,FACULDADES EVANGÉLICAS INTEGRADAS CANTARES DE SALOMÃO,FEICS,Privada,N,N,N,Faculdade,000000005103403,Cuiabá,MT,Ativa
15667,FACULDADE UNIRB - JUAZEIRO,FACULDADE UNIRB,Privada,N,N,N,Faculdade,000000002918407,Juazeiro,BA,Ativa
3488,Centro de Ensino Superior de Conselheiro Lafaiete,CES-CL,Privada,N,N,N,Faculdade,000000003118304,Conselheiro Lafaiete,MG,Ativa
1086,FACULDADE DE EDUCAÇÃO DE COLORADO DO OESTE,FAEC,Privada,N,N,N,Faculdade,000000001100064,Colorado do Oeste,RO,Extinta
2036,Faculdade Estácio do Pará - Estácio FAP,ESTÁCIO FAP,Privada,N,N,N,Faculdade,000000001501402,Belém,PA,Ativa
12784,FACULDADE DE TECNOLOGIA FTEC,FTEC Novo Hamburgo,Privada,N,N,N,Faculdade,000000004313409,Novo Hamburgo,RS,Ativa
4121,CENTRO UNIVERSITÁRIO MAURICIO DE NASSAU DE ARACAJU,null,Privada,N,N,N,Centro Universitário,000000002800308,Aracaju,SE,Ativa
25634,FACULDADE ATENAS CENTRO DE MATO GROSSO,,Privada,N,N,N,Faculdade,000000005107925,Sorriso,MT,Ativa
17745,Faculdade de São Carlos,FASC,Privada,N,N,N,Faculdade,000000003548906,São Carlos,SP,Ativa
24459,Faculdade Tiradentes de Goiana,FITS,Privada,N,N,N,Faculdade,000000002606200,Goiana,PE,Ativa
584,UNIVERSIDADE FEDERAL DE GOIÁS,UFG,Pública,N,N,N,Universidade,000000005208707,Goiânia,GO,Ativa
23030,Faculdade Cognitivo,COGNITIVO,Privada,N,N,N,Faculdade,000000004205407,Florianópolis,SC,Ativa
3515,CENTRO UNIVERSITÁRIO DA VITÓRIA DE SANTO ANTÃO,UNIVISA,Privada,N,N,N,Centro Universitário,000000002616407,Vitória de Santo Antão,PE,Ativa
344,CENTRO UNIVERSITÁRIO UNA,UNA,Privada,N,N,N,Centro Universitário,000000003106200,Belo Horizonte,MG,Ativa
25745,Faculdade Unida de São Paulo - EaD,FAUSP,Privada,N,N,N,Faculdade,000000003550308,São Paulo,SP,Ativa
2457,FACULDADE ISAAC NEWTON,FACINE,Privada,N,N,N,Faculdade,000000002927408,Salvador,BA,Extinta
657,FACULDADE DE FORMAÇÃO DE PROFESSORES DE SERRA TALHADA,FAFOPST,Pública,N,N,N,Faculdade,000000002613909,Serra Talhada,PE,Ativa
2488,FACULDADE ANGLICANA DE ERECHIM,FAE,Privada,N,N,N,Faculdade,000000004307005,Erechim,RS,Extinta
22015,Faculdade Municipal de Educação e Meio Ambiente,FAMA,Privada,N,N,N,Faculdade,000000004105706,Clevelândia,PR,Ativa
1577,FACULDADE INTERMUNICIPAL DO NOROESTE DO PARANÁ,FACINOR,Privada,N,N,N,Faculdade,000000004113502,Loanda,PR,Ativa
23382,Faculdade UNINORTE Tailândia,UNINORTE,Privada,N,N,N,Faculdade,000000001507953,Tailândia,PA,Ativa
2041,FACULDADE SUDAMÉRICA,SUDAMÉRICA,Privada,N,N,N,Faculdade,000000003115300,Cataguases,MG,Ativa
5265,FACULDADE METROPOLITANA SÃO CARLOS,null,Privada,N,N,N,Faculdade,000000003304151,Quissamã,RJ,Extinta
22074,FACULDADE METROPOLITANA NORTE RIOGRANDENSE,FAMEN,Privada,N,N,N,Faculdade,000000002408102,Natal,RN,Ativa
24966,Faculdade Uniavan Rio do Sul,Uniavan,Privada,N,N,N,Faculdade,000000004214805,Rio do Sul,SC,Ativa
21573,Faculdade Ana Carolina Puga,FAPUGA,Privada,N,N,N,Faculdade,000000003550308,São Paulo,SP,Ativa
22703,FACULDADE PITÁGORAS DE CONCÓRDIA,,Privada,N,N,N,Faculdade,000000004204301,Concórdia,SC,Ativa
19369,Faculdade CEAM,CEAM,Privada,N,N,N,Faculdade,000000002611606,Recife,PE,Ativa
18672,Unama Faculdade da Amazônia de Macapá,null,Privada,N,N,N,Faculdade,000000001600303,Macapá,AP,Ativa
1652,FACULDADE DE VITÓRIA,null,Privada,N,N,N,Faculdade,000000003205309,Vitória,ES,Ativa
107,UNIVERSIDADE FEDERAL DE SÃO JOÃO DEL REI,UFSJ,Pública,N,N,N,Universidade,000000003162500,São João del Rei,MG,Ativa
1562,FACULDADE DE ILHA SOLTEIRA,FAISA,Privada,N,N,N,Faculdade,000000003520442,Ilha Solteira,SP,Ativa
3279,"INSTITUTO FEDERAL DE EDUCAÇÃO, CIÊNCIA E TECNOLOGIA DO SUDESTE DE MINAS GERAIS",IFSEMG,Pública,N,N,N,"Instituto Federal de Educação, Ciência e Tecnologia",000000003136702,Juiz de Fora,MG,Ativa
23876,FACULDADE MONSENHOR HIPOLITO,FMH,Privada,N,N,N,Faculdade,000000002208007,Picos,PI,Ativa
21924,Faculdade Anhanguera de Assis,,Privada,N,N,N,Faculdade,000000003504008,Assis,SP,Extinta
1518,FACULDADE ANHANGUERA DE TAGUATINGA,null,Privada,N,N,N,Faculdade,000000005300108,Brasília,DF,Ativa
21998,Faculdade Pan-Americana de Administração e Direito,FAPAD,Privada,N,N,N,Faculdade,000000004106902,Curitiba,PR,Ativa
1839,FACULDADES INTEGRADAS DE VÁRZEA GRANDE,FIAVEC,Privada,N,N,N,Faculdade,000000005108402,Várzea Grande,MT,Extinta
4962,CENTRO UNIVERSITÁRIO DE SETE LAGOAS,UNIFEMM,Privada,N,N,N,Centro Universitário,000000003167202,Sete Lagoas,MG,Ativa
874,FACULDADE DE ESTUDOS SOCIAIS APLICADOS DE VIANA,FESAV,Privada,N,N,N,Faculdade,000000003205101,Viana,ES,Ativa
944,ESCOLA SUPERIOR DE PROPAGANDA E MARKETING DO RIO DE JANEIRO,ESPM,Privada,N,N,N,Faculdade,000000003304557,Rio de Janeiro,RJ,Ativa
2484,Centro Universitário Processus,UNIPROCESSUS,Privada,N,N,N,Centro Universitário,000000005300108,Brasília,DF,Ativa
2477,FACULDADE DE ADMINISTRAÇÃO DE MARIANA,FAMA,Privada,N,N,N,Faculdade,000000003140001,Mariana,MG,Ativa
25763,Faculdade Leonardo da Vinci de Belo Horizonte,,Privada,N,N,N,Faculdade,000000003106200,Belo Horizonte,MG,Ativa
12136,FACULDADE DE TECNOLOGIA DO RIO DE JANEIRO,FATERJ,Privada,N,N,N,Faculdade,000000003304557,Rio de Janeiro,RJ,Extinta
5473,FACULDADE DE CIÊNCIAS E TECNOLOGIA DA BAHIA,FACITE,Privada,N,N,N,Faculdade,000000002928109,Santa Maria da Vitória,BA,Ativa
17830,Faculdade Católica de Abaetetuba,FCAB,Privada,N,S,N,Faculdade,000000001500107,Abaetetuba,PA,Ativa
22145,Faculdade de Ciências Jurídicas de Erechim,,Privada,N,N,N,Faculdade,000000004307005,Erechim,RS,Ativa
13466,GRUPO DE NUTRIÇÃO HUMANA,GANEP,Privada,N,N,N,Instituição Especialmente Credenciada para oferta de cursos lato sensu,000000003550308,São Paulo,SP,Ativa
1671,FACULDADE DE ENSINO UNIFICADO DE BELO HORIZONTE,FEUBH,Privada,N,N,N,Faculdade,000000003106200,Belo Horizonte,MG,Extinta
1709,Centro Universitário Tiradentes de Pernambuco,UNIT PE,Privada,N,N,N,Centro Universitário,000000002611606,Recife,PE,Ativa
21262,FACULDADE REGIONAL JAGUARIBANA,FRJ,Privada,N,N,N,Faculdade,000000002300705,Alto Santo,CE,Ativa
25181,FACULDADE ALPHAVILLE,FAVI,Privada,N,N,N,Faculdade,000000003534401,Osasco,SP,Ativa
4017,CENTRO UNIVERSITÁRIO PADRE ANCHIETA,UNIANCHIETA,Privada,N,N,N,Centro Universitário,000000003525904,Jundiaí,SP,Ativa
14128,Faculdade Presidente Antônio Carlos de Vazante,FEES Vazante,Privada,N,N,N,Faculdade,000000003171006,Vazante,MG,Extinta
11376,FACULDADE VILLA-LOBOS DO CONE-LESTE PAULISTA,FAV-COLESP,Privada,N,N,N,Faculdade,000000003549904,São José dos Campos,SP,Extinta
22119,ESCOLA DE DIREITO FUCAPE,FUCAPE DIREITO,Privada,N,N,N,Faculdade,000000003205309,Vitória,ES,Ativa
264,UNIVERSIDADE SÃO MARCOS,USM,Privada,N,N,N,Universidade,000000003550308,São Paulo,SP,Extinta
15562,Faculdade Batista do Cariri,FBC,Privada,N,N,N,Faculdade,000000002304202,Crato,CE,Ativa
780,UNIVERSIDADE DE CUIABÁ,UNIC/UNIME,Privada,N,N,N,Universidade,000000005103403,Cuiabá,MT,Ativa
1891,Faculdade Sartre COC,FACOC SALVADOR,Privada,N,N,N,Faculdade,000000002927408,Salvador,BA,Extinta
1414,CENTRO UNIVERSITÁRIO SÃO LUCAS,UniSL,Privada,N,N,N,Centro Universitário,000000001100205,Porto Velho,RO,Ativa
24205,Faculdade Soberana de Arapiraca,Soberana,Privada,N,N,N,Faculdade,000000002700300,Arapiraca,AL,Ativa
1478,FACULDADE ANHANGUERA DE SÃO BERNARDO,null,Privada,N,N,N,Faculdade,000000003548708,São Bernardo do Campo,SP,Ativa
16781,Faculdade Rio Sono,riso,Privada,N,N,N,Faculdade,000000001716505,Pedro Afonso,TO,Ativa
4431,FACULDADE DE ENFERMAGEM NOVA ESPERANÇA DE MOSSORÓ - FACENE/RN,FACENE/RN,Privada,N,N,N,Faculdade,000000002408003,Mossoró,RN,Ativa
12718,Faculdade Acesita,FACESITA,Privada,N,N,N,Faculdade,000000003168705,Timóteo,MG,Ativa
4530,CENTRO UNIVERSITÁRIO TIRADENTES,UNIT,Privada,N,N,N,Centro Universitário,000000002704302,Maceió,AL,Ativa
17896,FACULDADE BRASILEIRA DE TECNOLOGIA,FBT,Privada,N,N,N,Faculdade,000000002910800,Feira de Santana,BA,Ativa
21819,FACULDADE REGIONAL DO AMAZONAS,FAM,Privada,N,N,N,Faculdade,000000001302603,Manaus,AM,Ativa
17403,FACULDADE ARI DE SÁ,FAS,Privada,N,N,N,Faculdade,000000002304400,Fortaleza,CE,Ativa
2393,FACULDADE MARISTA,FM,Privada,N,N,N,Faculdade,000000003106200,Belo Horizonte,MG,Extinta
11544,FACULDADE METROPOLITANA DE ANÁPOLIS,FAMA,Privada,N,N,N,Faculdade,000000005201108,Anápolis,GO,Ativa
1078,CENTRO UNIVERSITÁRIO INTEGRADO DE CAMPO MOURÃO,null,Privada,N,N,N,Centro Universitário,000000004104303,Campo Mourão,PR,Ativa
3334,FACULDADE DE TECNOLOGIA SÃO GONÇALO,FATESG,Privada,N,N,N,Faculdade,000000003304904,São Gonçalo,RJ,Extinta
25511,FACULDADE SANAR,SANAR,Privada,N,N,N,Faculdade,000000002927408,Salvador,BA,Ativa
2616,FACULDADE SANTO ANTÔNIO DE PÁDUA,FASAP,Privada,N,N,N,Faculdade,000000003304706,Santo Antônio de Pádua,RJ,Ativa
1071,Faculdade Nova Roma de Campo Grande,FNR - Campo Grande,Privada,N,N,N,Faculdade,000000005002704,Campo Grande,MS,Ativa
1546,FACULDADE DE EDUCAÇÃO SÃO FRANCISCO,FAESF,Privada,N,N,N,Faculdade,000000002108207,Pedreiras,MA,Ativa
5052,FACULDADE DE EDUCAÇÃO TECNOLÓGICA DO ESTADO DO RIO DE JANEIRO - FAETERJ,FAETERJ TRÊS RIOS,Pública,N,N,N,Faculdade,000000003306008,Três Rios,RJ,Ativa
25223,FACULDADE ATENAS SORRISO,,Privada,N,N,N,Faculdade,000000005107925,Sorriso,MT,Ativa
17490,FACULDADE JOÃO PAULO II,FAJOP,Privada,N,N,N,Faculdade,000000005218508,Quirinópolis,GO,Ativa
224,Centro Universitário FMABC,FMABC,Privada,N,N,N,Centro Universitário,000000003547809,Santo André,SP,Ativa
17942,Faculdade de Tecnologia do Tatuapé,FATEC-TT,Pública,N,N,N,Faculdade,000000003550308,São Paulo,SP,Ativa
22222,FACULDADE UNIVERITAS UNIVERSUS VERITAS DE PIRACICABA,UNIVERITAS PCBA,Privada,N,N,N,Faculdade,000000003538709,Piracicaba,SP,Ativa
4616,FACULDADE ANHANGUERA DE CAXIAS DO SUL,null,Privada,N,N,N,Faculdade,000000004305108,Caxias do Sul,RS,Ativa
456,CENTRO UNIVERSITÁRIO SANT´ANNA,UNISANT'ANNA,Privada,N,N,N,Centro Universitário,000000003550308,São Paulo,SP,Ativa
1175,FACULDADE ESTÁCIO DO RIO GRANDE DO SUL - ESTÁCIO FARGS,ESTÁCIO FARGS,Privada,N,N,N,Faculdade,000000004314902,Porto Alegre,RS,Ativa
12749,"FACULDADES UNIDAS DE PESQUISA, CIÊNCIAS E SAÚDE LTDA",FAPEC,Privada,N,N,N,Faculdade,000000002918001,Jequié,BA,Ativa
10009,FAMAC - FACULDADE DE MACHADINHO DO OESTE,FAMAC,Privada,N,N,N,Faculdade,000000001100130,Machadinho D´Oeste,RO,Extinta
16194,Faculdade Gran Tietê,FGT,Privada,N,N,N,Faculdade,000000003505302,Barra Bonita,SP,Ativa
576,UNIVERSIDADE FEDERAL DE JUIZ DE FORA,UFJF,Pública,N,N,N,Universidade,000000003136702,Juiz de Fora,MG,Ativa
4000,FACULDADE DE ENSINO SUPERIOR DO INTERIOR PAULISTA,FAIP,Privada,N,N,N,Faculdade,000000003529005,Marília,SP,Ativa
23180,Escola Superior de Catalão,,Privada,N,N,N,Faculdade,000000005205109,Catalão,GO,Ativa
25277,UNIVERSIDADE FEDERAL DO DELTA DO PARNAIBA,UFDPAR,Pública,N,N,N,Universidade,000000002207702,Parnaíba,PI,Ativa
666,UNIVERSIDADE ESTADUAL DE FEIRA DE SANTANA,UEFS,Pública,N,N,N,Universidade,000000002910800,Feira de Santana,BA,Ativa
14220,Faculdade Presidente Antônio Carlos de Piraúba,FUNEES,Privada,N,N,N,Faculdade,000000003151305,Piraúba,MG,Extinta
19966,FACULDADE CAPITAL FEDERAL DE ITAPECERICA DA SERRA,FECAF,Privada,N,N,N,Faculdade,000000003522208,Itapecerica da Serra,SP,Extinta
22183,Faculdade Pitágoras de Cruz Das Almas,,Privada,N,N,N,Faculdade,000000002909802,Cruz das Almas,BA,Extinta
2184,FACULDADE CNEC GRAVATAÍ,null,Privada,S,N,N,Faculdade,000000004309209,Gravataí,RS,Ativa
1027,UNIVERSIDADE ESTADUAL DO NORTE FLUMINENSE DARCY RIBEIRO,UENF,Pública,N,N,N,Universidade,000000003301009,Campos dos Goytacazes,RJ,Ativa
23130,Instituto de Desenvolvimento e Aprendizagem - IDEA São Luiz,IDEA São Luiz,Privada,N,N,N,Faculdade,000000002111300,São Luís,MA,Ativa
1438,FACULDADES DE CAMPINAS,FACAMP,Privada,N,N,N,Faculdade,000000003509502,Campinas,SP,Ativa
5131,FACULDADE SENAC CAÇADOR,SENAC,Privada,N,N,N,Faculdade,000000004203006,Caçador,SC,Ativa
3427,Faculdade Dom Pedro II de Sergipe,DP II Sergipe,Privada,N,N,N,Faculdade,000000002803500,Lagarto,SE,Ativa
2154,INSTITUTO SUPERIOR DE CIÊNCIAS HUMANAS E SOCIAIS ANÍSIO TEIXEIRA,ISAT,Privada,N,N,N,Faculdade,000000003304904,São Gonçalo,RJ,Ativa
1144,FACULDADE DE CIÊNCIAS HUMANAS,IMENSU,Privada,N,N,N,Faculdade,000000003528502,Mairiporã,SP,Ativa
3826,FACULDADE DE SALVADOR,null,Privada,N,N,N,Faculdade,000000002927408,Salvador,BA,Extinta
1710,FACULDADE ANHANGUERA DE NEGÓCIOS E TECNOLOGIAS DA INFORMAÇÃO,null,Privada,N,N,N,Faculdade,000000005300108,Brasília,DF,Ativa
227,UNIVERSIDADE CATÓLICA DE SANTOS,UNISANTOS,Privada,S,S,N,Universidade,000000003548500,Santos,SP,Ativa
21940,Faculdade Phorte de Educação e Tecnologia,null,Privada,N,N,N,Faculdade,000000003550308,São Paulo,SP,Ativa
24968,Faculdade Pitágoras de Paranaguá,,Privada,N,N,N,Faculdade,000000004118204,Paranaguá,PR,Ativa
3242,FACULDADE DE TECNOLOGIA E GESTÃO,FATEG,Privada,N,N,N,Faculdade,000000004104808,Cascavel,PR,Extinta
2280,FACULDADE SUPERIOR DE RIBAS DO RIO PARDO,FASURP,Privada,N,N,N,Faculdade,000000005007109,Ribas do Rio Pardo,MS,Extinta
21861,FACULDADE UNIVERSO BRASÍLIA,,Privada,N,N,N,Faculdade,000000005300108,Brasília,DF,Ativa
22096,FACULDADE SÃO LEOPOLDO MANDIC DE ARARAS,SLMANDIC-ARARAS,Privada,N,N,N,Faculdade,000000003503307,Araras,SP,Ativa
126,INSTITUTO NACIONAL DE TELECOMUNICAÇÕES,INATEL,Privada,N,N,N,Faculdade,000000003159605,Santa Rita do Sapucaí,MG,Ativa
985,FACULDADE EVANGÉLICA DE RUBIATABA,FER,Privada,N,N,N,Faculdade,000000005218904,Rubiataba,GO,Ativa
19914,FACULDADE MASTER,FAC MASTER,Privada,N,N,N,Faculdade,000000002800308,Aracaju,SE,Extinta
349,CENTRO UNIVERSITÁRIO DE BELO HORIZONTE,UNI-BH,Privada,N,N,N,Centro Universitário,000000003106200,Belo Horizonte,MG,Ativa
953,UNIVERSIDADE METROPOLITANA DE SANTOS,UNIMES,Privada,N,N,N,Universidade,000000003548500,Santos,SP,Ativa
2771,CENTRO DE ENSINO SUPERIOR DE ILHÉUS,CESUPI,Privada,N,N,N,Faculdade,000000002913606,Ilhéus,BA,Ativa
636,ESCOLA SUPERIOR DE PROPAGANDA E MARKETING,ESPM,Privada,N,N,N,Faculdade,000000003550308,São Paulo,SP,Ativa
16728,INSTITUTO TOCANTINENSE PRESIDENTE ANTONIO CARLOS,ITPAC,Privada,N,N,N,Faculdade,000000001721000,Palmas,TO,Ativa
23022,Faculdade Cetrus Sanar,CETRUS,Privada,N,N,N,Faculdade,000000003550308,São Paulo,SP,Ativa
2301,FACULDADE FIDELIS,FF,Privada,N,N,N,Faculdade,000000004106902,Curitiba,PR,Ativa
2186,FACULDADE SALESIANA DOM BOSCO,FSDB,Privada,N,N,N,Faculdade,000000001302603,Manaus,AM,Ativa
22660,FACULDADE UNYPUBLICA,,Privada,N,N,N,Faculdade,000000004106902,Curitiba,PR,Ativa
721,FACULDADE DE ASSIS,FASS,Privada,N,N,N,Faculdade,000000003504008,Assis,SP,Ativa
18679,"FACULDADE DE ADMINISTRAÇÃO, COMÉRCIO E EMPREENDEDORISMO",FACEM,Privada,N,N,N,Faculdade,000000005007901,Sidrolândia,MS,Ativa
12723,FACULDADE FINACI,FINACI,Privada,N,N,N,Faculdade,000000003550308,São Paulo,SP,Ativa
2049,INSTITUTO DE ESTUDOS SUPERIORES DO MARANHÃO,IESMA,Privada,N,N,N,Faculdade,000000002111300,São Luís,MA,Ativa
4362,FACULDADE ANHANGUERA DE BETIM,null,Privada,N,N,N,Faculdade,000000003106705,Betim,MG,Ativa
2787,FACULDADES PEQUENO PRÍNCIPE,FPP,Privada,N,N,N,Faculdade,000000004106902,Curitiba,PR,Ativa
1992,INSTITUTO DE ENSINO SUPERIOR DE PIEDADE,IESP,Privada,N,N,N,Faculdade,000000002607901,Jaboatão dos Guararapes,PE,Extinta
23235,Instituto Universitário São Judas de Guarulhos,,Privada,N,N,N,Faculdade,000000003518800,Guarulhos,SP,Ativa
25222,FACULDADE ATENAS PORTO SEGURO,,Privada,N,N,N,Faculdade,000000002925303,Porto Seguro,BA,Ativa
21,PONTIFÍCIA UNIVERSIDADE CATÓLICA DO RIO GRANDE DO SUL,PUCRS,Privada,S,S,N,Universidade,000000004314902,Porto Alegre,RS,Ativa
569,UNIVERSIDADE FEDERAL DO PARÁ,UFPA,Pública,N,N,N,Universidade,000000001501402,Belém,PA,Ativa
4859,FACULDADE DE TECNOLOGIA FAESA - UNIDADE GUARAPARI,null,Privada,N,N,N,Faculdade,000000003202405,Guarapari,ES,Extinta
416,FACULDADE DE SÃO PAULO,FASP,Privada,N,N,N,Faculdade,000000003550308,São Paulo,SP,Ativa
207,CENTRO UNIVERSITÁRIO MOURA LACERDA,CUML,Privada,N,N,N,Centro Universitário,000000003543402,Ribeirão Preto,SP,Ativa
492,FACULDADE DE ADMINISTRAÇÃO CIÊNCIAS ECON E CONTÁBEIS DE GUARATINGUETÁ,FACEAG,Privada,N,N,N,Faculdade,000000003518404,Guaratinguetá,SP,Ativa
4016,INSTITUTO NACIONAL DE EDUCAÇÃO DE SURDOS,INES,Pública,N,N,N,Faculdade,000000003304557,Rio de Janeiro,RJ,Ativa
1881,FACULDADE DA ESCADA,FAESC,Privada,N,N,N,Faculdade,000000002605202,Escada,PE,Ativa
4157,FACULDADE METROPOLITANA DE RIO DO SUL,FAMESUL,Privada,N,N,N,Faculdade,000000004214805,Rio do Sul,SC,Ativa
22252,FACULDADE UNIBRAS DO PARÁ,FACBRAS,Privada,N,N,N,Faculdade,000000001505437,Ourilândia do Norte,PA,Ativa
1558,Faculdade Doctum de João Monlevade,DOCTUM,Privada,N,N,N,Faculdade,000000003136207,João Monlevade,MG,Ativa
1813,"INSTITUTO FEDERAL DE EDUCAÇÃO, CIÊNCIA E TECNOLOGIA DO PARÁ",IFPA,Pública,N,N,N,"Instituto Federal de Educação, Ciência e Tecnologia",000000001501402,Belém,PA,Ativa
14119,Faculdade Presidente Antônio Carlos de São Francisco,FUNEES São Francisco,Privada,N,N,N,Faculdade,000000003161106,São Francisco,MG,Extinta
18800,ESCOLA SUPERIOR DO MINISTÉRIO PÚBLICO,ESCOLAMP,Privada,N,N,N,Instituição Especialmente Credenciada para oferta de cursos lato sensu,000000005300108,Brasília,DF,Ativa
19312,Faculdade Múltipla,,Privada,N,N,N,Faculdade,000000002211001,Teresina,PI,Ativa
13696,FACULDADE IBCMED,IBCMED,Privada,N,N,N,Faculdade,000000003167202,Sete Lagoas,MG,Extinta
23438,Faculdade de Tecnologia de Araras,,Pública,N,N,N,Faculdade,000000003503307,Araras,SP,Ativa
320,FACULDADE DE FILOSOFIA CIÊNCIAS E LETRAS DE TATUÍ,FAFICILE,Privada,N,N,N,Faculdade,000000003554003,Tatuí,SP,Extinta
21088,FACULDADE RODOLFO TEÓFILO,FRT,Privada,N,N,N,Faculdade,000000002304400,Fortaleza,CE,Ativa
1576,INSTITUTO DE ENSINO SUPERIOR BLAURO CARDOSO DE MATTOS,FASERRA,Privada,N,N,N,Faculdade,000000003205002,Serra,ES,Ativa
19298,Faculdade Pitagoras de Eunapolis,FPE,Privada,N,N,N,Faculdade,000000002910727,Eunápolis,BA,Ativa
2373,FACULDADES RESENDE DE FREITAS,UESRF,Privada,N,N,N,Faculdade,000000005104559,Itaúba,MT,Extinta
21929,Faculdade Doctum da Zona Norte de Juiz de Fora,Doctum,Privada,N,N,N,Faculdade,000000003136702,Juiz de Fora,MG,Ativa
3963,INSTITUTO SUPERIOR DE EDUCAÇÃO CARLOS CHAGAS,ISECC,Privada,N,N,N,Faculdade,000000003136702,Juiz de Fora,MG,Extinta
19348,Faculdade de Tecnologia Ícone,FACTI,Privada,N,N,N,Faculdade,000000005300108,Brasília,DF,Ativa
5288,FACULDADE ANHANGÜERA DE RIBEIRÃO PRETO,null,Privada,N,N,N,Faculdade,000000003543402,Ribeirão Preto,SP,Ativa
2169,FACULDADE CENECISTA DE FORTALEZA,FACEFOR,Privada,N,N,N,Faculdade,000000002304400,Fortaleza,CE,Extinta
22759,Instituto Una de Itabira,Una,Privada,N,N,N,Faculdade,000000003131703,Itabira,MG,Ativa
22453,Faculdade UNÍNTESE,null,Privada,N,N,N,Faculdade,000000004317509,Santo Ângelo,RS,Ativa
4358,"INSTITUTO FEDERAL DE EDUCAÇÃO, CIÊNCIA E TECNOLOGIA DO SUL DE MINAS GERAIS",IF SUL DE MINAS,Pública,N,N,N,"Instituto Federal de Educação, Ciência e Tecnologia",000000003152501,Pouso Alegre,MG,Ativa
597,UNIVERSIDADE FEDERAL DO TRIÂNGULO MINEIRO,UFTM,Pública,N,N,N,Universidade,000000003170107,Uberaba,MG,Ativa
19337,FACULDADE UNIFAMETRO MARACANAÚ,null,Privada,N,N,N,Faculdade,000000002307650,Maracanaú,CE,Ativa
3947,FACULDADE SENAC CHAPECÓ,SENAC,Privada,N,N,N,Faculdade,000000004204202,Chapecó,SC,Ativa
2040,FACULDADE DO FUTURO,FAF,Privada,N,N,N,Faculdade,000000003139409,Manhuaçu,MG,Ativa
1319,FACULDADE TECSOMA,FATEC,Privada,N,N,N,Faculdade,000000003147006,Paracatu,MG,Ativa
1345,FACULDADE ANHANGUERA DE OSASCO,null,Privada,N,N,N,Faculdade,000000003534401,Osasco,SP,Ativa
19635,Faculdade de Ensino Superior Pelegrino Cipriani,FASPEC,Privada,N,N,N,Faculdade,000000005103403,Cuiabá,MT,Ativa
483,CENTRO UNIVERSITÁRIO METROPOLITANO DE SÃO PAULO,UNIMESP,Privada,N,N,N,Centro Universitário,000000003518800,Guarulhos,SP,Ativa
25780,Faculdade Nossa Senhora da Conceição,FSC,Privada,N,N,N,Faculdade,000000002800308,Aracaju,SE,Ativa
3939,FACULDADE ALIANÇA DE ITABERAI,null,Privada,N,N,N,Faculdade,000000005210406,Itaberaí,GO,Ativa
5663,FACULDADE DE VARGEM GRANDE PAULISTA,null,Privada,N,N,N,Faculdade,000000003556453,Vargem Grande Paulista,SP,Extinta
3611,FACULDADES INTEGRADAS DA UNIÃO DE ENSINO SUPERIOR CERTO,UNICERTO,Privada,N,N,N,Faculdade,000000005300108,Brasília,DF,Extinta
14242,FACULDADE ÚNICA DE TIMÓTEO,FUNIT,Privada,N,N,N,Faculdade,000000003168705,Timóteo,MG,Ativa
669,UNIVERSIDADE NILTON LINS,UNINILTONLINS,Privada,N,N,N,Universidade,000000001302603,Manaus,AM,Ativa
2647,FACULDADE INTEGRADA DE SANTA MARIA,FISMA,Privada,N,N,N,Faculdade,000000004316907,Santa Maria,RS,Ativa
4136,FACULDADE CÂNDIDO RONDON DE RONDONÓPOLIS,FCRROO,Privada,N,N,N,Faculdade,000000005107602,Rondonópolis,MT,Extinta
21165,FACULDADE EASE BRASIL,EASE,Privada,N,N,N,Faculdade,000000002304400,Fortaleza,CE,Ativa
336,FACULDADE MACHADO SOBRINHO,FMS,Privada,N,N,N,Faculdade,000000003136702,Juiz de Fora,MG,Ativa
1565,FACULDADE UNIME DE CIÊNCIAS JURÍDICAS,FCJ,Privada,N,N,N,Faculdade,000000002919207,Lauro de Freitas,BA,Ativa
21847,FACULDADE M-EDUCAR,FAMED,Privada,N,N,N,Faculdade,000000002304236,Croatá,CE,Ativa
1123,INSTITUTO DE EDUCAÇÃO SUPERIOR UNYAHNA DE SALVADOR,IESUS,Privada,N,N,N,Faculdade,000000002927408,Salvador,BA,Ativa
25722,Faculdade Canadenses no Brasil,,Privada,N,N,N,Faculdade,000000003201506,Colatina,ES,Ativa
23264,Faculdade UNA de Conselheiro Lafaiete,,Privada,N,N,N,Faculdade,000000003118304,Conselheiro Lafaiete,MG,Ativa
4661,FACULDADE UNIBF,null,Privada,N,N,N,Faculdade,000000004118006,Paraíso do Norte,PR,Ativa
14205,Faculdade Presidente Antônio Carlos de Bambuí,FUNEES,Privada,N,N,N,Faculdade,000000003105103,Bambuí,MG,Extinta
40,UNIVERSIDADE DO ESTADO DA BAHIA,UNEB,Pública,N,N,N,Universidade,000000002927408,Salvador,BA,Ativa
1360,iCEV - Instituto de Ensino Superior,null,Privada,N,N,N,Faculdade,000000002211001,Teresina,PI,Ativa
4065,FACULDADE DE TECNOLOGIA DO INSTITUTO BANDEIRANTE DE EDUCAÇÃO E CULTURA,IBEC,Privada,N,N,N,Faculdade,000000003550308,São Paulo,SP,Extinta
1141,CENTRO UNIVERSITÁRIO GAMA E SOUZA,null,Privada,N,N,N,Centro Universitário,000000003304557,Rio de Janeiro,RJ,Ativa
997,Centro Universitário de Bauru,,Privada,N,N,N,Centro Universitário,000000003506003,Bauru,SP,Ativa
20291,Faculdade do Vale do Caju,FVC,Privada,N,N,N,Faculdade,000000002309607,Pacajus,CE,Ativa
263,FACULDADES INTEGRADAS CAMPOS SALLES,FICS,Privada,N,N,N,Faculdade,000000003550308,São Paulo,SP,Ativa
4367,FACULDADE TERRA NORDESTE,FATENE,Privada,N,N,N,Faculdade,000000002303709,Caucaia,CE,Ativa
22449,INSTITUTO SUPERIOR DE CIÊNCIAS DA SAÚDE CARLOS CHAGAS,IPGMCC,Privada,N,N,N,Faculdade,000000003304557,Rio de Janeiro,RJ,Ativa
2793,FACULDADE UBS,FACULDADE UBS,Privada,N,N,N,Faculdade,000000003550308,São Paulo,SP,Ativa
1620,FACULDADE SANTA RITA,FASAR,Privada,N,N,N,Faculdade,000000003533502,Novo Horizonte,SP,Ativa
10116,FACULDADE DE TECNOLOGIA SENAI MATO GROSSO,FATEC SENAI MT,Privada,N,N,N,Faculdade,000000005103403,Cuiabá,MT,Ativa
2141,FACULDADES BATISTA DO PARANÁ,FABAPAR,Privada,N,N,N,Faculdade,000000004106902,Curitiba,PR,Ativa
18675,Faculdade Univeritas Universus Veritas de Campo Grande,null,Privada,N,N,N,Faculdade,000000005002704,Campo Grande,MS,Ativa
18681,FACULDADE VERBO EDUCACIONAL,VERBOEDU,Privada,N,N,N,Faculdade,000000004314902,Porto Alegre,RS,Ativa
21239,Faculdade Anhanguera de Jaú,FAJ,Privada,N,N,N,Faculdade,000000003525300,Jaú,SP,Ativa
25207,FACULDADE NOVE DE JULHO DE BOTUCATU,NOVE-BOTUCATU,Privada,N,N,N,Faculdade,000000003507506,Botucatu,SP,Ativa
832,FACULDADE ARQUIDIOCESANA DE CURVELO,FAC,Privada,N,N,N,Faculdade,000000003120904,Curvelo,MG,Ativa
1734,Centro Universitário Facid Wyden,UNIFACID WYDEN,Privada,N,N,N,Centro Universitário,000000002211001,Teresina,PI,Ativa
5394,INSTITUTO DE ENSINO SUPERIOR INTEGRADO-IESI,FENORD,Privada,N,N,N,Faculdade,000000003168606,Teófilo Otoni,MG,Ativa
2344,FACULDADE ITEANA DE IBITINGA,FITI,Privada,N,N,N,Faculdade,000000003519600,Ibitinga,SP,Extinta
21822,FACULDADE FAVENI GUARULHOS,FAVENI - GUARULHOS,Privada,N,N,N,Faculdade,000000003518800,Guarulhos,SP,Ativa
12848,FACULDADE DE TECNOLOGIA SENAC MINAS - UNIDADE BARBACENA,null,Privada,N,N,N,Faculdade,000000003105608,Barbacena,MG,Ativa
33,FACULDADE DE TECNOLOGIA DE SOROCABA,FATEC SO,Pública,N,N,N,Faculdade,000000003552205,Sorocaba,SP,Ativa
99,FACULDADE DE DIREITO DE CONSELHEIRO LAFAIETE,FDCL,Privada,N,N,N,Faculdade,000000003118304,Conselheiro Lafaiete,MG,Ativa
3377,FACULDADE MONTESSORIANO DE SALVADOR,FAMA,Privada,N,N,N,Faculdade,000000002927408,Salvador,BA,Ativa
2330,Faculdade Cândido Rondon,FCR,Privada,N,N,N,Faculdade,000000005103403,Cuiabá,MT,Ativa
1867,FACULDADE SANTOS DUMONT,FSD,Privada,N,N,N,Faculdade,000000003160702,Santos Dumont,MG,Ativa
21485,Faculdade de Ensino Paschoal Dantas,FEPD,Privada,N,N,N,Faculdade,000000003550308,São Paulo,SP,Ativa
1365,CENTRO UNIVERSITÁRIO ADVENTISTA DE SÃO PAULO,UNASP,Privada,S,S,N,Centro Universitário,000000003550308,São Paulo,SP,Ativa
3933,FACULDADE MÉTODO DE SÃO PAULO,FAMESP,Privada,N,N,N,Faculdade,000000003550308,São Paulo,SP,Ativa
1100,Centro Universitário Carlos Drummond de Andrade,UniDrummond,Privada,N,N,N,Centro Universitário,000000003550308,São Paulo,SP,Ativa
1036,UNIVERSIDADE DO ESTADO DE MINAS GERAIS,UEMG,Pública,N,N,N,Universidade,000000003106200,Belo Horizonte,MG,Ativa
18165,Fundação Universidade Virtual do Estado de São Paulo,UNIVESP,Pública,N,N,N,Universidade,000000003550308,São Paulo,SP,Ativa
23028,Escola de Sargentos das Armas,ESA,Pública,N,N,N,Faculdade,000000003169307,Três Corações,MG,Ativa
2594,FACULDADE TEOLÓGICA BATISTA ANA WOLLERMAN,FTBAW,Privada,N,N,N,Faculdade,000000005003702,Dourados,MS,Extinta
1075,CENTRO UNIVERSITÁRIO - UNIESP,UNIESP,Privada,N,N,N,Centro Universitário,000000002503209,Cabedelo,PB,Ativa
18149,FACULDADE CESUMAR DE MARINGÁ,FAC-CESUMAR,Privada,N,N,N,Faculdade,000000004115200,Maringá,PR,Extinta
4100,FACULDADE DE TECNOLOGIA SENAI ÍTALO BOLOGNA,FATECIB,Privada,N,N,N,Faculdade,000000005208707,Goiânia,GO,Ativa
17558,Faculdade Santo André,FASA,Privada,N,N,N,Faculdade,000000001100304,Vilhena,RO,Ativa
1711,FACULDADE DE PRESIDENTE PRUDENTE,FAPEPE,Privada,N,N,N,Faculdade,000000003541406,Presidente Prudente,SP,Ativa
1220,INSTITUTO MATÃO DE ENSINO SUPERIOR,IMES,Privada,N,N,N,Faculdade,000000003529302,Matão,SP,Extinta
852,FIAP - Centro Universitário,null,Privada,N,N,N,Centro Universitário,000000003550308,São Paulo,SP,Ativa
1721,FACULDADE DE VIÇOSA,FDV,Privada,N,N,N,Faculdade,000000003171303,Viçosa,MG,Ativa
22191,Faculdade Estácio de Jaraguá do Sul,Estácio Jaraguá,Privada,N,N,N,Faculdade,000000004208906,Jaraguá do Sul,SC,Ativa
3803,FACULDADE DE JAÚ,null,Privada,N,N,N,Faculdade,000000003525300,Jaú,SP,Extinta
18,UNIVERSIDADE CATÓLICA DE PELOTAS,UCPEL,Privada,S,S,N,Universidade,000000004314407,Pelotas,RS,Ativa
21503,COLÉGIO PEDRO II,CP II,Pública,N,N,N,"Instituto Federal de Educação, Ciência e Tecnologia",000000003304557,Rio de Janeiro,RJ,Ativa
1726,CENTRO UNIVERSITÁRIO SANTA AMÉLIA,SECAL,Privada,N,N,N,Centro Universitário,000000004119905,Ponta Grossa,PR,Ativa
22605,Faculdade Alvorada de Saúde,,Privada,N,N,N,Faculdade,000000003550308,São Paulo,SP,Ativa
1646,FACULDADE DE EDUCAÇÃO CIÊNCIAS E LETRAS DE PARAÍSO,FECIPAR,Privada,N,N,N,Faculdade,000000001716109,Paraíso do Tocantins,TO,Ativa
4411,CENTRO UNIVERSITÁRIO ESTÁCIO DE JI-PARANÁ,ESTÁCIO UNIJIPA,Privada,N,N,N,Centro Universitário,000000001100122,Ji-Paraná,RO,Ativa
24268,Faculdade UNINORTE Marabá,Uninorte Marabá,Privada,N,N,N,Faculdade,000000001504208,Marabá,PA,Ativa
15500,Faculdade Lusocapixaba,FLC,Privada,N,N,N,Faculdade,000000003201308,Cariacica,ES,Extinta
14715,Centro Universitário Piaget,UniPiaget,Privada,N,N,N,Centro Universitário,000000003552502,Suzano,SP,Ativa
14183,Faculdade Presidente Antônio Carlos de São João Del Rei,FUNEES SJDR,Privada,N,N,N,Faculdade,000000003162500,São João del Rei,MG,Extinta
21418,Escola de Aperfeiçoamento de Oficiais,EsAO,Pública,N,N,N,Instituição Especialmente Credenciada para oferta de cursos lato sensu,000000003304557,Rio de Janeiro,RJ,Ativa
14159,Faculdade Presidente Antônio Carlos de Carmo do Paranaíba,FUNEES C. Paranaíba,Privada,N,N,N,Faculdade,000000003114303,Carmo do Paranaíba,MG,Extinta
3644,FACULDADE CATÓLICA SANTA TERESINHA,FCST,Privada,N,N,N,Faculdade,000000002402006,Caicó,RN,Ativa
4066,FACULDADE BATISTA DO ESTADO DO RIO DE JANEIRO - FABERJ,FABERJ,Privada,N,N,N,Faculdade,000000003301009,Campos dos Goytacazes,RJ,Ativa
22787,FACULDADE DE TECNOLOGIA E CIÊNCIAS - FTC CAMAÇARI,FTC CAMAÇARI,Privada,N,N,N,Faculdade,000000002905701,Camaçari,BA,Ativa
880,FACULDADE DE CIÊNCIAS E TECNOLOGIA DO PARANÁ,FACET-PR,Privada,N,N,N,Faculdade,000000004106902,Curitiba,PR,Extinta
4810,FACULDADE ANTÔNIO MENEGHETTI,AMF,Privada,N,N,N,Faculdade,000000004315503,Restinga Seca,RS,Ativa
23703,Faculdade de Penedo,FAC-PENEDO,Privada,N,N,N,Faculdade,000000002706703,Penedo,AL,Ativa
22075,FACULDADE VALE DO PAJEU,FVP,Privada,N,N,N,Faculdade,000000002613602,São José do Egito,PE,Ativa
2352,INSTITUTO DE EDUCAÇÃO SUPERIOR PIO XII,PIO XII,Privada,N,N,N,Faculdade,000000003201308,Cariacica,ES,Ativa
1519,CENTRO UNIVERSITÁRIO DE PATO BRANCO,UNIDEP,Privada,N,N,N,Centro Universitário,000000004118501,Pato Branco,PR,Ativa
2784,FACULDADE FAE BLUMENAU,null,Privada,N,N,N,Faculdade,000000004202404,Blumenau,SC,Extinta
1296,ESCOLA SUPERIOR DE MARKETING,ESM,Privada,N,N,N,Faculdade,000000002611606,Recife,PE,Ativa
17701,FAP-FACULDADE DE PINHEIROS,FAP,Privada,N,N,N,Faculdade,000000003204104,Pinheiros,ES,Extinta
21420,Escola de Inteligência Militar do Exército,EsIMEx,Pública,N,N,N,Instituição Especialmente Credenciada para oferta de cursos lato sensu,000000005300108,Brasília,DF,Ativa
19883,Faculdade Sul Paulista de Itanhaém,FASUPI,Privada,N,N,N,Faculdade,000000003522109,Itanhaém,SP,Ativa
1936,CENTRO UNIVERSITÁRIO LA SALLE,UNILASALLE - LUCAS,Privada,N,N,N,Centro Universitário,000000005105259,Lucas do Rio Verde,MT,Ativa
3631,FACULDADE DAMAS DA INSTRUÇÃO CRISTÃ,FADIC,Privada,N,N,N,Faculdade,000000002611606,Recife,PE,Ativa
17,UNIVERSIDADE FEDERAL DE UBERLÂNDIA,UFU,Pública,N,N,N,Universidade,000000003170206,Uberlândia,MG,Ativa
1676,CENTRO UNIVERSITÁRIO SÃO MIGUEL,UNISÃOMIGUEL,Privada,N,N,N,Centro Universitário,000000002611606,Recife,PE,Ativa
1910,FACULDADE UNINASSAU LAURO DE FREITAS,null,Privada,N,N,N,Faculdade,000000002919207,Lauro de Freitas,BA,Ativa
22716,FACULDADE PITÁGORAS DE PENÁPOLIS,,Privada,N,N,N,Faculdade,000000003537305,Penápolis,SP,Ativa
22713,FACULDADE DO OESTE POTIGUAR,FAOP,Privada,N,N,N,Faculdade,000000002412500,São Miguel,RN,Ativa
575,UNIVERSIDADE FEDERAL DE MINAS GERAIS,UFMG,Pública,N,N,N,Universidade,000000003106200,Belo Horizonte,MG,Ativa
18115,Faculdade Estácio de Goiânia,Estácio Goiânia,Privada,N,N,N,Faculdade,000000005208707,Goiânia,GO,Extinta
14245,Faculdade Presidente Antônio Carlos de Campina Verde,,Privada,N,N,N,Faculdade,000000003111101,Campina Verde,MG,Extinta
1745,Faculdade Interativa de São Paulo,FAISP,Privada,N,N,N,Faculdade,000000003550308,São Paulo,SP,Ativa
4261,Faculdade CMB,CMB,Privada,N,N,N,Faculdade,000000004314902,Porto Alegre,RS,Ativa
518,CENTRO UNIVERSITÁRIO DO DISTRITO FEDERAL,UDF,Privada,N,N,N,Centro Universitário,000000005300108,Brasília,DF,Ativa
16602,FACULDADE DE EDUCAÇÃO ELIÂ,FACEEL,Privada,N,N,N,Faculdade,000000001507953,Tailândia,PA,Ativa
3875,CENTRO UNIVERSITÁRIO DA FUNDAÇÃO EDUCACIONAL GUAXUPÉ,UNIFEG,Privada,N,N,N,Centro Universitário,000000003128709,Guaxupé,MG,Ativa
671,UNIVERSIDADE ANHANGUERA,UNIDERP,Privada,N,N,N,Universidade,000000005002704,Campo Grande,MS,Ativa
3223,ESCOLA SUPERIOR DE CIÊNCIAS DA SAÚDE,ESCS,Pública,N,N,N,Faculdade,000000005300108,Brasília,DF,Ativa
19287,Faculdade do Centro Maranhense,FCMA,Privada,N,N,N,Faculdade,000000002101608,Barra do Corda,MA,Ativa
24383,FACULDADE NACIONAL DE NATUROPATIA  ADMINISTRAÇÃO E PEDAGOGIA,FANNAP,Privada,N,N,N,Faculdade,000000004313409,Novo Hamburgo,RS,Ativa
24326,FACULDADE ESSA EDUCACAO PROFISSIONAL,UNIESSA,Privada,N,N,N,Faculdade,000000003550308,São Paulo,SP,Ativa
2908,CENTRO UNIVERSITÁRIO NATALENSE,UNICEUNA,Privada,N,N,N,Centro Universitário,000000002408102,Natal,RN,Ativa
2012,INSTITUTO SUPERIOR DE EDUCAÇÃO DE PESQUEIRA,ISEP,Privada,N,N,N,Faculdade,000000002610905,Pesqueira,PE,Extinta
14156,Faculdade Presidente Antônio Carlos de Teófilo Otoni,null,Privada,N,N,N,Faculdade,000000003168606,Teófilo Otoni,MG,Ativa
21906,Faculdade Metropolitana do Ceará,FAMEC,Privada,N,N,N,Faculdade,000000002304400,Fortaleza,CE,Ativa
661,FACULDADE PIO DÉCIMO,FPD,Privada,N,N,N,Faculdade,000000002800308,Aracaju,SE,Ativa
1573,CENTRO UNIVERSITÁRIO ALFREDO NASSER,UNIFAN,Privada,N,N,N,Centro Universitário,000000005201405,Aparecida de Goiânia,GO,Ativa
15508,Centro de Ensino Unificado do Piauí,CEUPI,Privada,N,N,N,Faculdade,000000002211001,Teresina,PI,Ativa
1113,CENTRO UNIVERSITÁRIO EURO-AMERICANO,UNIEURO,Privada,N,N,N,Centro Universitário,000000005300108,Brasília,DF,Ativa
19956,FACULDADE UNIRB JOÃO PESSOA,F.UNIRB,Privada,N,N,N,Faculdade,000000002507507,João Pessoa,PB,Ativa
2356,FACULDADE PAN AMERICANA,FPA,Privada,N,N,N,Faculdade,000000001502202,Capanema,PA,Ativa
14124,Faculdade Presidente Antônio Carlos de Buritis,FUNEES Buritis,Privada,N,N,N,Faculdade,000000003109303,Buritis,MG,Extinta
2835,CENTRO UNIVERSITÁRIO MAURÍCIO DE NASSAU,UNINASSAU,Privada,N,N,N,Centro Universitário,000000002611606,Recife,PE,Ativa
13717,FACULDADES DO VALE DO ARARANGUA - FVA,FVA,Privada,N,N,N,Faculdade,000000004201406,Araranguá,SC,Ativa
14321,CENTRO UNIVERSITÁRIO MAURÍCIO DE NASSAU DE FORTALEZA,UNINASSAU FORTALEZA,Privada,N,N,N,Centro Universitário,000000002304400,Fortaleza,CE,Ativa
21869,Faculdade Rachel de Queiroz,FAQ,Privada,N,N,N,Faculdade,000000004119905,Ponta Grossa,PR,Ativa
515,Centro Universitário Anhanguera Pitágoras Unopar de Niterói,UNIAN-RJ,Privada,N,N,N,Centro Universitário,000000003303302,Niterói,RJ,Ativa
17886,Faculdade de Educação Sul do Piauí,,Privada,N,N,N,Faculdade,000000002210003,São João do Piauí,PI,Ativa
441,UNIVERSIDADE DO CONTESTADO,UNC,Privada,N,N,N,Universidade,000000004210100,Mafra,SC,Ativa
1938,FACULDADE DE UMUARAMA,null,Privada,N,N,N,Faculdade,000000004128104,Umuarama,PR,Extinta
2927,FACULDADE DE BELO HORIZONTE,FDR,Privada,N,N,N,Faculdade,000000003106200,Belo Horizonte,MG,Ativa
24553,FACULDADE VINCIT,VINCIT,Privada,N,N,N,Faculdade,000000004115200,Maringá,PR,Ativa
17499,FACULDADE VIDAL,FAVILI,Privada,N,N,N,Faculdade,000000002307601,Limoeiro do Norte,CE,Ativa
22771,FACULDADE CRISTO REI,FACCREI,Privada,N,N,N,Faculdade,000000004106407,Cornélio Procópio,PR,Ativa
1013,FACULDADE SUDOESTE PAULISTANO,FASUP,Privada,N,N,N,Faculdade,000000003550308,São Paulo,SP,Extinta
23875,Faculdade Instituto de Ensino Superior,FACIES,Privada,N,N,N,Faculdade,000000005208707,Goiânia,GO,Ativa
19783,FACULDADE ANHANGUERA DE PARAGOMINAS,FPP,Privada,N,N,N,Faculdade,000000001505502,Paragominas,PA,Ativa
3428,FACULDADE ALFA AMÉRICA,null,Privada,N,N,N,Faculdade,000000003541000,Praia Grande,SP,Ativa
20052,Faculdade ABC de Goiânia,FABC,Privada,N,N,N,Faculdade,000000005208707,Goiânia,GO,Ativa
1373,FACULDADE CASA BRANCA,FACAB,Privada,N,N,N,Faculdade,000000003510807,Casa Branca,SP,Ativa
14225,Faculdade Presidente Antônio Carlos de Felixlândia,FUNEES,Privada,N,N,N,Faculdade,000000003125705,Felixlândia,MG,Extinta
18062,Faculdade Marechal Rondon,,Privada,N,N,N,Faculdade,000000001100304,Vilhena,RO,Ativa
15585,Faculdade de Tecnologia Santo André,FATEC-SA,Pública,N,N,N,Faculdade,000000003547809,Santo André,SP,Ativa
1903,FACULDADE CRISTO REI,FACCREI,Privada,N,N,N,Faculdade,000000004106407,Cornélio Procópio,PR,Ativa
1830,FACULDADE ANHANGUERA DE PASSO FUNDO,,Privada,N,N,N,Faculdade,000000004314100,Passo Fundo,RS,Ativa
57,UNIVERSIDADE ESTADUAL DE MARINGÁ,UEM,Pública,N,N,N,Universidade,000000004115200,Maringá,PR,Ativa
14117,Faculdade Presidente Antônio Carlos de Piranguinho,FUNEES Piranguinho,Privada,N,N,N,Faculdade,000000003151008,Piranguinho,MG,Extinta
13728,FACULDADE DOS CARAJÁS,null,Privada,N,N,N,Faculdade,000000001504208,Marabá,PA,Ativa
2591,EPGE Escola Brasileira de Economia e Finanças,FGV EPGE,Privada,N,N,N,Faculdade,000000003304557,Rio de Janeiro,RJ,Ativa
22422,Fundação Dom Cabral,,Privada,N,N,N,Instituição Especialmente Credenciada para oferta de cursos lato sensu,000000003144805,Nova Lima,MG,Ativa
4026,FACULDADE DE TECNOLOGIA ZONA LESTE,FATEC-ZL,Pública,N,N,N,Faculdade,000000003550308,São Paulo,SP,Ativa
1890,FACULDADE INTEGRADA DE GOIÁS,FIG,Privada,N,N,N,Faculdade,000000005208707,Goiânia,GO,Extinta
21897,FACULDADE MAURÍCIO DE NASSAU DE PONTA GROSSA,FMN PONTAGROSSA,Privada,N,N,N,Faculdade,000000004119905,Ponta Grossa,PR,Extinta
17614,ESCOLA DA ADVOCACIA-GERAL DA UNIÃO,EAGU,Pública,N,N,N,Escola de Governo,000000005300108,Brasília,DF,Ativa
23229,Faculdade Alfredo Nasser de Pontalina,,Privada,N,N,N,Faculdade,000000005217708,Pontalina,GO,Ativa
11817,FACULDADE DO POVO,FAP,Privada,N,N,N,Faculdade,000000003550308,São Paulo,SP,Extinta
3823,INSTITUTO DE EDUCAÇÃO SUPERIOR DE POUSO ALEGRE,null,Privada,N,N,N,Faculdade,000000003152501,Pouso Alegre,MG,Ativa
131,Faculdade de Tecnologia do Brasil,FAT Brasil,Privada,N,N,N,Faculdade,000000003505302,Barra Bonita,SP,Ativa
23948,Faculdades Famep -  Unidade Uruçui - PI,FAMEP,Privada,N,N,N,Faculdade,000000002211209,Uruçuí,PI,Ativa
3940,FACULDADE DE ENSINO SUPERIOR SANTA BARBARA,FAESB,Privada,N,N,N,Faculdade,000000003554003,Tatuí,SP,Ativa
21437,Escola de Saúde do Exército,EsSEx,Pública,N,N,N,Instituição Especialmente Credenciada para oferta de cursos lato sensu,000000003304557,Rio de Janeiro,RJ,Extinta
22433,Faculdades FAMEP Unidade Parnaíba - PI,FAMEP,Privada,N,N,N,Faculdade,000000002207702,Parnaíba,PI,Ativa
1619,FACULDADE DE OLÍMPIA,null,Privada,N,N,N,Faculdade,000000003533908,Olímpia,SP,Ativa
550,UNIVERSIDADE ESTADUAL DA PARAÍBA,UEPB,Pública,N,N,N,Universidade,000000002504009,Campina Grande,PB,Ativa
17803,Faculdade Estácio de Rio Preto,Estácio Rio Preto,Privada,N,N,N,Faculdade,000000003549805,São José do Rio Preto,SP,Ativa
21956,FACULDADE METROPOLITANA DE PALHOÇA,FAMEPALHOÇA,Privada,N,N,N,Faculdade,000000004211900,Palhoça,SC,Ativa
1564,FACULDADE SUL FLUMINENSE,FASF,Privada,N,N,N,Faculdade,000000003306305,Volta Redonda,RJ,Ativa
2104,FACULDADE DE TEOLOGIA DE HOKEMÃH,FATEH,Privada,N,N,N,Faculdade,000000002112902,Vitória do Mearim,MA,Extinta
715,FAE CENTRO UNIVERSITÁRIO,null,Privada,N,N,N,Centro Universitário,000000004106902,Curitiba,PR,Ativa
319,UNIVERSIDADE BRASIL,UB,Privada,N,N,N,Universidade,000000003550308,São Paulo,SP,Ativa
38,UNIVERSIDADE DO ESTADO DO PARÁ,UEPA,Pública,N,N,N,Universidade,000000001501402,Belém,PA,Ativa
4772,FACULDADE BI SOCIAL QUARESMA,null,Privada,N,N,N,Faculdade,000000003525904,Jundiaí,SP,Extinta
19357,Faculdade Afonso Schmidt,FAS,Privada,N,N,N,Faculdade,000000003513504,Cubatão,SP,Extinta
4700,FACULDADE NOVA ROMA,FNR,Privada,N,N,N,Faculdade,000000002611606,Recife,PE,Ativa
1904,FACULDADE SÃO CAMILO,FASC,Privada,N,S,N,Faculdade,000000003304557,Rio de Janeiro,RJ,Ativa
2273,INSTITUTO SUPERIOR DE EDUCAÇÃO DO ALTO SÃO FRANCISCO,ISEASF,Privada,N,N,N,Faculdade,000000003151503,Piumhi,MG,Extinta
3993,FACULDADE DE TECNOLOGIA CETEP,CETEP,Privada,N,N,N,Faculdade,000000004106902,Curitiba,PR,Extinta
5550,FACULDADE ANHANGUERA DE ANÁPOLIS,null,Privada,N,N,N,Faculdade,000000005201108,Anápolis,GO,Ativa
1822,Centro Universitário Sul-Americana,UNIFASAM,Privada,N,N,N,Centro Universitário,000000005208707,Goiânia,GO,Ativa
796,FACULDADE DE CIÊNCIAS SOCIAIS APLICADAS DO VALE DO SÃO LOURENÇO,EDUVALE,Privada,N,N,N,Faculdade,000000005104807,Jaciara,MT,Ativa
5362,Faculdade UNIRB - ARACAJU,F. UNIRB,Privada,N,N,N,Faculdade,000000002800308,Aracaju,SE,Ativa
924,FACULDADE INTERLAGOS DE EDUCAÇÃO E CULTURA,FINTEC,Privada,N,N,N,Faculdade,000000003550308,São Paulo,SP,Extinta
763,CENTRO UNIVERSITÁRIO DE GOIÂNIA,UNICEUG,Privada,N,N,N,Centro Universitário,000000005208707,Goiânia,GO,Ativa
19320,Escola de Políticas Públicas e Governo da Fundação Getulio Vargas,FGV EPPG,Privada,N,N,N,Faculdade,000000005300108,Brasília,DF,Ativa
3983,CENTRO UNIVERSITÁRIO DE FORMIGA,UNIFORMG,Privada,N,N,N,Centro Universitário,000000003126109,Formiga,MG,Ativa
3538,FACULDADE FAE SÉVIGNÉ PORTO ALEGRE,FAE SÉVIGNÉ,Privada,N,N,N,Faculdade,000000004314902,Porto Alegre,RS,Extinta
2444,Faculdade Unirb - Barreiras,F. UNIRB,Privada,N,N,N,Faculdade,000000002903201,Barreiras,BA,Ativa
234,FACULDADES OSWALDO CRUZ,FOC,Privada,N,N,N,Faculdade,000000003550308,São Paulo,SP,Ativa
11818,Faculdade Inspirar,Inspirar,Privada,N,N,N,Faculdade,000000004106902,Curitiba,PR,Ativa
17395,Instituto Educacional das Américas,IEA Educacional,Privada,N,N,N,Faculdade,000000004314902,Porto Alegre,RS,Ativa
17401,Faculdade de Tecnologia CNA,FATECNA,Privada,N,N,N,Faculdade,000000005300108,Brasília,DF,Ativa
1072,FACULDADE AFIRMATIVO,FAFI,Privada,N,N,N,Faculdade,000000005103403,Cuiabá,MT,Extinta
3946,FACULDADE SENAC TUBARÃO,null,Privada,N,N,N,Faculdade,000000004218707,Tubarão,SC,Ativa
278,FACULDADES INTEGRADAS SIMONSEN,FIS,Privada,N,N,N,Faculdade,000000003304557,Rio de Janeiro,RJ,Ativa
23097,Faculdade Ibmec de Brasília,Ibmec Brasília,Privada,N,N,N,Faculdade,000000005300108,Brasília,DF,Ativa
595,UNIVERSIDADE FEDERAL DE ALFENAS,UNIFAL-MG,Pública,N,N,N,Universidade,000000003101607,Alfenas,MG,Ativa
22245,FACULDADE DO CARIRI PARAIBANO,UNICIR,Privada,N,N,N,Faculdade,000000002516300,Sumé,PB,Ativa
4053,FACULDADE SKEMA BUSINESS SCHOOL,SKEMA,Privada,N,N,N,Faculdade,000000003106200,Belo Horizonte,MG,Ativa
1727,FACULDADE DE CARIACICA,FAC DE CARIACICA,Privada,N,N,N,Faculdade,000000003201308,Cariacica,ES,Ativa
740,FACULDADE DE CIÊNCIAS HUMANAS DE VITÓRIA,FAVIX,Privada,N,N,N,Faculdade,000000003205309,Vitória,ES,Extinta
22327,Faculdade São Tomás de Aquino de Nova Lima,FACTAN,Privada,N,N,N,Faculdade,000000003144805,Nova Lima,MG,Ativa
1866,Faculdade de Ciências Educacionais e Empresariais de Natal,FACEN,Privada,N,N,N,Faculdade,000000002408102,Natal,RN,Ativa
24201,Faculdade FISEPE,FISEPE,Privada,N,N,N,Faculdade,000000004314100,Passo Fundo,RS,Ativa
639,FACULDADE DE DESENHO INDUSTRIAL DE MAUÁ,FADIM,Privada,N,N,N,Faculdade,000000003529401,Mauá,SP,Extinta
14226,Faculdade Presidente Antônio Carlos de Jaboticatubas,FUNEES,Privada,N,N,N,Faculdade,000000003134608,Jaboticatubas,MG,Extinta
22911,Faculdade  do Sertão Central  EAD,FASEC EAD,Privada,N,N,N,Faculdade,000000002308351,Milhã,CE,Ativa
15521,FACULDADE CATÓLICA DE SÃO JOSÉ DOS CAMPOS,CATÓLICA-SJC,Privada,N,N,N,Faculdade,000000003549904,São José dos Campos,SP,Ativa
2009,FACULDADE DE TAQUARITINGA,FTGA,Privada,N,N,N,Faculdade,000000003553708,Taquaritinga,SP,Ativa
952,UNIVERSIDADE SANTA CECÍLIA,UNISANTA,Privada,N,N,N,Universidade,000000003548500,Santos,SP,Ativa
18211,FACULDADE UNINASSAU CABO,null,Privada,N,N,N,Faculdade,000000002602902,Cabo de Santo Agostinho,PE,Ativa
56,UNIVERSIDADE ESTADUAL PAULISTA JÚLIO DE MESQUITA FILHO,UNESP,Pública,N,N,N,Universidade,000000003550308,São Paulo,SP,Ativa
5071,FACULDADE NORTE CAPIXABA DE SÃO MATEUS - FAMAT,FAMAT,Privada,N,N,N,Faculdade,000000003204906,São Mateus,ES,Extinta
19878,FACULDADE BRAVIUM,BRAVIUM,Privada,N,N,N,Faculdade,000000005221858,Valparaíso de Goiás,GO,Ativa
14222,Faculdade Presidente Antônio Carlos de Senhora dos Remédios,null,Privada,N,N,N,Faculdade,000000003166204,Senhora dos Remédios,MG,Extinta
1741,FACULDADE DE TECNOLOGIA INTERAMÉRICA,INTERAMERICA,Privada,N,N,N,Faculdade,000000003550308,São Paulo,SP,Extinta
1028,UNIVERSIDADE ESTADUAL DE MATO GROSSO DO SUL,UEMS,Pública,N,N,N,Universidade,000000005003702,Dourados,MS,Ativa
1774,Faculdade Anhanguera De Ponta Grossa,null,Privada,N,N,N,Faculdade,000000004119905,Ponta Grossa,PR,Ativa
21672,Faculdade Cerrado,FACE,Privada,N,N,N,Faculdade,000000005300108,Brasília,DF,Ativa
24530,Faculdade da Polícia Militar de Santa Catarina,FAPOM,Pública,N,N,N,Faculdade,000000004205407,Florianópolis,SC,Ativa
3192,FACULDADE SÃO FRANCISCO DE CAJAZEIRAS,FSF,Privada,N,N,N,Faculdade,000000002503704,Cajazeiras,PB,Ativa
3797,CENTRO UNIVERSITÁRIO GUAIRACÁ,UNIGUAIRACÁ,Privada,N,N,N,Centro Universitário,000000004109401,Guarapuava,PR,Ativa
587,UNIVERSIDADE FEDERAL RURAL DE PERNAMBUCO,UFRPE,Pública,N,N,N,Universidade,000000002611606,Recife,PE,Ativa
19327,Faculdade Cesar,FCE,Privada,N,N,N,Faculdade,000000002611606,Recife,PE,Ativa
1834,FACULDADE DE AGUDOS,FAAG,Privada,N,N,N,Faculdade,000000003500709,Agudos,SP,Ativa
80,CENTRO UNIVERSITÁRIO PARA O DESENVOLVIMENTO DO ALTO VALE DO ITAJAÍ,UNIDAVI,Privada,S,N,N,Centro Universitário,000000004214805,Rio do Sul,SC,Ativa
2462,FACULDADE SÃO LUÍS,FSL,Privada,N,N,N,Faculdade,000000004202909,Brusque,SC,Ativa
1856,FACULDADE DO NORTE NOVO DE APUCARANA,FACNOPAR,Privada,N,N,N,Faculdade,000000004101408,Apucarana,PR,Ativa
1293,INSTITUTO DE ENSINO SUPERIOR DO OESTE PAULISTA,IESOP,Privada,N,N,N,Faculdade,000000003505500,Barretos,SP,Extinta
13452,FACULDADE DE TECNOLOGIA FUNDAÇÃO UNIVERSITÁRIA DE CARDIOLOGIA,null,Privada,N,N,N,Faculdade,000000004314902,Porto Alegre,RS,Extinta
4742,Faculdade Uninassau Olinda - Nassau Olinda,null,Privada,N,N,N,Faculdade,000000002609600,Olinda,PE,Ativa
873,FACULDADES UNIFICADAS DE FOZ DO IGUAÇU,UNIFOZ,Privada,N,N,N,Faculdade,000000004108304,Foz do Iguaçu,PR,Ativa
23897,Faculdade Pitágoras de  Caruaru,,Privada,N,N,N,Faculdade,000000002604106,Caruaru,PE,Ativa
2027,FACULDADE DE CAMPINA GRANDE,FAC-CG,Privada,N,N,N,Faculdade,000000002504009,Campina Grande,PB,Ativa
2369,INSTITUTO DE ENSINO SUPERIOR SANTO ANTÔNIO,INESA,Privada,N,N,N,Faculdade,000000004209102,Joinville,SC,Ativa
18201,FACULDADE SENAC PALHOÇA,SENAC Palhoça,Privada,N,N,N,Faculdade,000000004211900,Palhoça,SC,Ativa
23168,Centro de Estudos Superiores de Jataí,,Privada,N,N,N,Faculdade,000000005211909,Jataí,GO,Ativa
1457,Faculdade Estácio de Cotia,Estacio Cotia,Privada,N,N,N,Faculdade,000000003513009,Cotia,SP,Ativa
847,FACULDADE PIAUIENSE DE PROCESSAMENTO DE DADOS,FPPD,Privada,N,N,N,Faculdade,000000002211001,Teresina,PI,Ativa
1174,FACULDADE DE SABARÁ,SOECS,Privada,N,N,N,Faculdade,000000003156700,Sabará,MG,Ativa
14101,Faculdade Presidente Antônio Carlos de Baependi,FAPAC BAEPENDI,Privada,N,N,N,Faculdade,000000003104908,Baependi,MG,Ativa
495,FACULDADE DE CIÊNCIAS E LETRAS DE BRAGANÇA PAULISTA,FESB,Pública,N,N,N,Faculdade,000000003507605,Bragança Paulista,SP,Ativa
610,CENTRO UNIVERSITÁRIO MAURÍCIO DE NASSAU DO RIO DE JANEIRO,UNINASSAU,Privada,N,N,N,Centro Universitário,000000003304557,Rio de Janeiro,RJ,Ativa
1556,CENTRO UNIVERSITÁRIO SETE DE SETEMBRO,UNI7,Privada,N,N,N,Centro Universitário,000000002304400,Fortaleza,CE,Ativa
664,UNIVERSIDADE VILA VELHA,UVV,Privada,N,N,N,Universidade,000000003205200,Vila Velha,ES,Ativa
4848,FACULDADE OBOÉ - FACO,FACO,Privada,N,N,N,Faculdade,000000002304400,Fortaleza,CE,Extinta
1718,CENTRO UNIVERSITÁRIO NOBRE DE FEIRA DE SANTANA,null,Privada,N,N,N,Centro Universitário,000000002910800,Feira de Santana,BA,Ativa
25334,Faculdade Cidade Teológica Pentecostal,FCTP,Privada,N,N,N,Faculdade,000000002304400,Fortaleza,CE,Ativa
25274,UNIVERSIDADE FEDERAL DE CATALÃO,UFCAT,Pública,N,N,N,Universidade,000000005205109,Catalão,GO,Ativa
3008,FACULDADE DO INSTITUTO NACIONAL DE PÓS-GRADUAÇÃO DE SÃO JOSÉ DOS CAMPOS,FACULDADE INPG - SJC,Privada,N,N,N,Faculdade,000000003549904,São José dos Campos,SP,Ativa
2870,FACULDADE SERRA DO CARMO,FASEC,Privada,N,N,N,Faculdade,000000001721000,Palmas,TO,Ativa
23818,Instituto Superior da AFAC,ISAFAC,Privada,N,N,N,Faculdade,000000003303302,Niterói,RJ,Ativa
1300,INSTITUTO TAQUARITINGUENSE DE ENSINO SUPERIOR DR. ARISTIDES DE CARVALHO SCHLOBACH,ITES,Privada,N,N,N,Faculdade,000000003553708,Taquaritinga,SP,Ativa
1597,FACULDADE SANTA FÉ,CESSF,Privada,N,N,N,Faculdade,000000002111300,São Luís,MA,Ativa
1459,CENTRO UNIVERSITÁRIO MÁRIO PALMÉRIO,UNIFUCAMP,Privada,N,N,N,Centro Universitário,000000003143104,Monte Carmelo,MG,Ativa
18700,Faculdade AGES de Jeremoabo,AGES,Privada,N,N,N,Faculdade,000000002918100,Jeremoabo,BA,Extinta
137,CENTRO UNIVERSITÁRIO SAGRADO CORAÇÃO,UNISAGRADO,Privada,N,S,N,Centro Universitário,000000003506003,Bauru,SP,Ativa
1411,FACULDADE DOIS DE JULHO,F2J,Privada,N,N,N,Faculdade,000000002927408,Salvador,BA,Ativa
1567,FACULDADE VIZINHANÇA VALE DO IGUAÇU,VIZIVALI,Pública,N,N,N,Faculdade,000000004107207,Dois Vizinhos,PR,Extinta
3034,Faculdade Anhanguera de Salvador,FACDELTA,Privada,N,N,N,Faculdade,000000002927408,Salvador,BA,Ativa
4789,INSTITUTO CENTRO DE ENSINO TECNOLÓGICO - LIMOEIRO DO NORTE,CENTEC,Privada,N,N,N,Faculdade,000000002307601,Limoeiro do Norte,CE,Extinta
15753,FACULDADE DE TECNOLOGIA NILO DE STÉFANI - JABOTICABAL,FATEC JBL,Pública,N,N,N,Faculdade,000000003524303,Jaboticabal,SP,Ativa
2644,INSTITUTO DE EDUCAÇÃO SUPERIOR DO TAPAJÓS,ISET,Privada,N,N,N,Faculdade,000000001503606,Itaituba,PA,Extinta
20410,Faculdade de Indiara,FAIND,Privada,N,N,N,Faculdade,000000005209952,Indiara,GO,Ativa
2130,FACULDADE EVANGÉLICA DE TEOLOGIA DE BELO HORIZONTE,FATE-BH,Privada,N,N,N,Faculdade,000000003106200,Belo Horizonte,MG,Extinta
2308,FACULDADE GEREMÁRIO DANTAS,SFNSC,Privada,N,N,N,Faculdade,000000003304557,Rio de Janeiro,RJ,Extinta
533,FACULDADES INTEGRADAS DE ITAPETININGA,FII,Privada,N,N,N,Faculdade,000000003522307,Itapetininga,SP,Ativa
788,FACULDADE DE RONDÔNIA,FARO,Privada,N,N,N,Faculdade,000000001100205,Porto Velho,RO,Ativa
3388,CENTRO UNIVERSITÁRIO PARAÍSO,null,Privada,N,N,N,Centro Universitário,000000002307304,Juazeiro do Norte,CE,Ativa
1921,FACULDADE DE SÃO BENTO,FSB,Privada,N,N,N,Faculdade,000000003550308,São Paulo,SP,Ativa
3977,FACULDADE DE TECNOLOGIA DO AMAPÁ,META,Privada,N,N,N,Faculdade,000000001600303,Macapá,AP,Ativa
14249,Faculdade Presidente Antônio Carlos de Congonhas,,Privada,N,N,N,Faculdade,000000003118007,Congonhas,MG,Extinta
23700,Faculdade de Tecnologia de Ferraz de Vasconcelos,,Pública,N,N,N,Faculdade,000000003515707,Ferraz de Vasconcelos,SP,Ativa
17933,FACULDADE REDENTOR DE PARAÍBA DO SUL,FACREDENTOR,Privada,N,N,N,Faculdade,000000003303708,Paraíba do Sul,RJ,Extinta
2045,FACULDADE AMADEUS,FAMA,Privada,N,N,N,Faculdade,000000002800308,Aracaju,SE,Ativa
22197,FACULDADE ATENAS PASSOS,,Privada,N,N,N,Faculdade,000000003147907,Passos,MG,Ativa
16782,Faculdade Mário Quintana,FAMAQUI,Privada,N,N,N,Faculdade,000000004314902,Porto Alegre,RS,Ativa
22650,Faculdade Impactos - FACI,FACI,Privada,N,N,N,Faculdade,000000005103403,Cuiabá,MT,Ativa
21827,Instituto Friburgo de Ensino Superior,IFES,Privada,N,N,N,Faculdade,000000003550308,São Paulo,SP,Ativa
14199,INSTITUTO SUPERIOR DE EDUCAÇÃO DO ALTO SÃO FRANCISCO,ISAF,Privada,N,N,N,Instituto Superior ou Escola Superior,000000003100203,Abaeté,MG,Extinta
18260,Faculdade Estácio de Imperatriz - ESTÁCIO IMPERATRIZ,,Privada,N,N,N,Faculdade,000000002105302,Imperatriz,MA,Extinta
20700,FACULDADE DE DESENVOLVIMENTO DO NORTE,FADENORTE,Privada,N,N,N,Faculdade,000000003161106,São Francisco,MG,Ativa
135,Claretiano - Centro Universitário,CLARETIANOBT,Privada,S,N,N,Centro Universitário,000000003505906,Batatais,SP,Ativa
22641,Faculdade Metropolitana de Parintins,FAMETRO,Privada,N,N,N,Faculdade,000000001303403,Parintins,AM,Ativa
19865,Faculdade Una de Pouso Alegre,Una PousoAlegre,Privada,N,N,N,Faculdade,000000003152501,Pouso Alegre,MG,Ativa
3051,FACULDADE TEOLÓGICA DE CIÊNCIAS HUMANAS E SOCIAIS LOGOS,FAETEL,Privada,N,N,N,Faculdade,000000003550308,São Paulo,SP,Ativa
1307,FACULDADE DE ENSINO SUPERIOR E FORMAÇÃO INTEGRAL,FAEF,Privada,N,N,N,Faculdade,000000003516705,Garça,SP,Ativa
16437,FACULDADE DE CIÊNCIAS DA SAÚDE,FACS,Privada,N,N,N,Faculdade,000000002800308,Aracaju,SE,Ativa
13014,FACULDADE DE TEOLOGIA DA ARQUIDIOCESE DE BRASÍLIA,FATEO,Privada,N,N,N,Faculdade,000000005300108,Brasília,DF,Ativa
18153,FACULDADE CESUMAR DE GUARAPUAVA,FAC-CESUMAR,Privada,N,N,N,Faculdade,000000004109401,Guarapuava,PR,Ativa
284,FACULDADE DE MEDICINA DE ITAJUBÁ,FMIT,Privada,N,N,N,Faculdade,000000003132404,Itajubá,MG,Ativa
5008,FACULDADES FAMEP,FAMEP,Privada,N,N,N,Faculdade,000000002210508,São Pedro do Piauí,PI,Ativa
21206,Escola de Educação Física do Exército,EsEFEx,Pública,N,N,N,Faculdade,000000003304557,Rio de Janeiro,RJ,Ativa
1932,FACULDADE PALOTINA,FAPAS,Privada,N,N,N,Faculdade,000000004316907,Santa Maria,RS,Ativa
21685,Faculdade Gil Gal,GILGAL,Privada,N,N,N,Faculdade,000000002516201,Sousa,PB,Ativa
1892,Centro Universitário de Excelência Eniac,ENIAC,Privada,N,N,N,Centro Universitário,000000003518800,Guarulhos,SP,Ativa
22811,Complexo de Ensino Superior de Palmas,CESUP,Privada,N,N,N,Faculdade,000000001721000,Palmas,TO,Ativa
21103,FIEP - FACULDADE INTERNACIONAL DE EVOLUÇÃO PROFISSIONAL,FIEP,Privada,N,N,N,Faculdade,000000002927408,Salvador,BA,Ativa
1878,CENTRO UNIVERSITÁRIO DA FUNDAÇÃO EDUCACIONAL INACIANA PE SABÓIA DE MEDEIROS,FEI,Privada,S,N,N,Centro Universitário,000000003548708,São Bernardo do Campo,SP,Ativa
3203,INSTITUTO SUPERIOR DE EDUCAÇÃO ALBERT EINSTEIN,ISALBE,Privada,N,N,N,Faculdade,000000005300108,Brasília,DF,Ativa
22996,Faculdade de Tecnologia e Ciências - FTC Parnamirim,FTC Parnamirim,Privada,N,N,N,Faculdade,000000002403251,Parnamirim,RN,Ativa
5438,FACULDADE DE TECNOLOGIA DE ENSINO SUPERIOR,FATEC,Privada,N,N,N,Faculdade,000000003143302,Montes Claros,MG,Extinta
24700,Faculdade Instituto Rio de Janeiro,FIURJ,Privada,N,N,N,Faculdade,000000003304557,Rio de Janeiro,RJ,Ativa
21878,Faculdade Metropolitana de Florianópolis,FAMEFLORIPA,Privada,N,N,N,Faculdade,000000004205407,Florianópolis,SC,Ativa
1700,FACULDADE PROMOVE DE SETE LAGOAS,FSLMG,Privada,N,N,N,Faculdade,000000003167202,Sete Lagoas,MG,Ativa
20438,FACULDADE INTERCULTURAL DA AMAZONIA,FIAMA,Privada,N,N,N,Faculdade,000000001501402,Belém,PA,Ativa
1641,CENTRO UNIVERSITÁRIO SOCIAL DA BAHIA,UNISBA,Privada,N,N,N,Centro Universitário,000000002927408,Salvador,BA,Ativa
23194,Faculdade PSICOLOG,FAPSI,Privada,N,N,N,Faculdade,000000003543402,Ribeirão Preto,SP,Ativa
568,UNIVERSIDADE ESTADUAL DO MARANHÃO,UEMA,Pública,N,N,N,Universidade,000000002111300,São Luís,MA,Ativa
3966,CENTRO UNIVERSITÁRIO DE CARATINGA,UNEC,Privada,N,N,N,Centro Universitário,000000003113404,Caratinga,MG,Ativa
778,FACULDADE IBRA DOS VALES,FACULDADE FADIVALES,Privada,N,N,N,Faculdade,000000003524402,Jacareí,SP,Ativa
3312,CENTRO FEDERAL DE EDUCAÇÃO TECNOLÓGICA DE RIO VERDE,CEFET-RIO VERDE,Pública,N,N,N,Centro Federal de Educação Tecnológica,000000005218805,Rio Verde,GO,Extinta
18627,Faculdade Pitágoras de João Pessoa,,Privada,N,N,N,Faculdade,000000002507507,João Pessoa,PB,Extinta
12601,FACULDADE BRASILEIRA DE ESTUDOS AVANÇADOS,FABEA,Privada,N,N,N,Faculdade,000000002111300,São Luís,MA,Ativa
3786,FACULDADE DE ENSINO DE MINAS GERAIS,FACEMG,Privada,N,N,N,Faculdade,000000003106200,Belo Horizonte,MG,Ativa
21201,FTRB - Faculdade Teológica Reformada de Brasília,null,Privada,N,N,N,Faculdade,000000005300108,Brasília,DF,Ativa
1900,"Centro Universitário de Ensino, Ciência e Tecnologia do Paraná",UniEnsino,Privada,N,N,N,Centro Universitário,000000004106902,Curitiba,PR,Ativa
20615,Faculdade do Sertão Central,FASEC,Privada,N,N,N,Faculdade,000000002308351,Milhã,CE,Ativa
3165,"INSTITUTO FEDERAL DE EDUCAÇÃO, CIÊNCIA E TECNOLOGIA  DO TRIÂNGULO MINEIRO",IFTM,Pública,N,N,N,"Instituto Federal de Educação, Ciência e Tecnologia",000000003170107,Uberaba,MG,Ativa
21370,FACULDADE MAURÍCIO DE NASSAU DE DUQUE DE CAXIAS,FMN CAXIAS,Privada,N,N,N,Faculdade,000000003301702,Duque de Caxias,RJ,Extinta
5664,FACULDADE DE CIÊNCIAS HUMANAS E SOCIAIS DE ARARIPINA - FACISA,FACISA,Pública,N,N,N,Faculdade,000000002601102,Araripina,PE,Ativa
1435,FACULDADE DE VILA VELHA,null,Privada,N,N,N,Faculdade,000000003205200,Vila Velha,ES,Extinta
3319,Instituto Universitário Una de Catalão,Catalana,Privada,N,N,N,Faculdade,000000005205109,Catalão,GO,Ativa
2242,FACULDADE DO RECIFE,FAREC,Privada,N,N,N,Faculdade,000000002611606,Recife,PE,Ativa
1532,FACULDADE DE SERTÃOZINHO,null,Privada,N,N,N,Faculdade,000000003551702,Sertãozinho,SP,Ativa
1526,Faculdade SENAI São Paulo,SENAI SP,Privada,N,N,N,Faculdade,000000003550308,São Paulo,SP,Ativa
19823,Faculdade Porto União,FPU,Privada,N,N,N,Faculdade,000000003550308,São Paulo,SP,Ativa
2282,FACULDADE DE CAFELÂNDIA,FAC,Privada,N,N,N,Faculdade,000000004103453,Cafelândia,PR,Ativa
2289,FACULDADE UNIÃO CULTURAL DO ESTADO DE SÃO PAULO,UCESP,Privada,N,N,N,Faculdade,000000003502804,Araçatuba,SP,Ativa
2143,INSTITUTO SUPERIOR DE EDUCAÇÃO DE DUQUE DE CAXIAS,ISEDUC,Privada,N,N,N,Faculdade,000000003301702,Duque de Caxias,RJ,Extinta
14125,Faculdade Presidente Antônio Carlos de Campos Altos,FUNEES Campos Altos,Privada,N,N,N,Faculdade,000000003111507,Campos Altos,MG,Extinta
2580,INSTITUTO SUPERIOR DE EDUCAÇÃO PAULO MARTINS,ISPAM,Privada,N,N,N,Faculdade,000000005300108,Brasília,DF,Extinta
2450,FACULDADE PROMOVE DE BELO HORIZONTE,PROMOVE,Privada,N,N,N,Faculdade,000000003106200,Belo Horizonte,MG,Ativa
316,UNIVERSIDADE NOVE DE JULHO,UNINOVE,Privada,N,N,N,Universidade,000000003550308,São Paulo,SP,Ativa
4674,FACULDADE PORTO DAS ÁGUAS,FAPAG,Privada,N,N,N,Faculdade,000000004213500,Porto Belo,SC,Ativa
2806,FACULDADE EVANGÉLICA DE SÃO PAULO,null,Privada,N,S,N,Faculdade,000000003550308,São Paulo,SP,Ativa
25455,FACULDADE BELA VISTA,FBV,Privada,N,N,N,Faculdade,000000003550308,São Paulo,SP,Ativa
2741,FACULDADE CATÓLICA DOM ORIONE,FACDO,Privada,N,S,N,Faculdade,000000001702109,Araguaína,TO,Ativa
1456,FACULDADE ANHANGUERA DE SERTÃOZINHO,FASERT,Privada,N,N,N,Faculdade,000000003551702,Sertãozinho,SP,Ativa
19578,Faculdade de Tecnologia de Cotia,FATEC COTIA,Pública,N,N,N,Faculdade,000000003513009,Cotia,SP,Ativa
1836,CENTRO UNIVERSITÁRIO FUNDAÇÃO DE ENSINO OCTÁVIO BASTOS - FEOB,UNIFEOB,Privada,S,N,N,Centro Universitário,000000003549102,São João da Boa Vista,SP,Ativa
15032,UNIVERSIDADE ALTO VALE DO RIO DO PEIXE,UNIARP,Privada,N,N,N,Universidade,000000004203006,Caçador,SC,Ativa
21593,Faculdade Plus,PLUS,Privada,N,N,N,Faculdade,000000002304400,Fortaleza,CE,Ativa
1898,FACULDADE DO LITORAL SUL PAULISTA,FALS,Privada,N,N,N,Faculdade,000000003541000,Praia Grande,SP,Ativa
2470,INSTITUTO SALVADOR DE ENSINO E CULTURA,ISEC,Privada,N,N,N,Faculdade,000000002927408,Salvador,BA,Ativa
19281,FACULDADE ATAME,ATAME,Privada,N,N,N,Faculdade,000000005300108,Brasília,DF,Ativa
22872,Faculdade UNIABA,FAC UNIABA,Privada,N,N,N,Faculdade,000000005300108,Brasília,DF,Ativa
1097,FACULDADES INTEGRADAS DE SÃO PAULO,FISP,Privada,N,N,N,Faculdade,000000003550308,São Paulo,SP,Extinta
4036,FACULDADE DE TECNOLOGIA DE CATALÃO,FATECA,Privada,N,N,N,Faculdade,000000005205109,Catalão,GO,Extinta
2467,FACULDADE NACIONAL DO NORTE DO PARANÁ,FANNORTE,Privada,N,N,N,Faculdade,000000004114807,Marialva,PR,Extinta
4869,Faculdade de Tecnologia Pitágotas - Unidade Londrina,null,Privada,N,N,N,Faculdade,000000004113700,Londrina,PR,Extinta
14131,Falculdade Presidente Antônio Carlos de Divisa Alegre,FUNEES Divisa Alegre,Privada,N,N,N,Faculdade,000000003122355,Divisa Alegre,MG,Extinta
18019,Faculdade do Educador,FEDUC,Privada,N,N,N,Faculdade,000000003550308,São Paulo,SP,Ativa
1670,FACULDADE ASA DE BRUMADINHO,IECEMB - FAB,Privada,N,N,N,Faculdade,000000003109006,Brumadinho,MG,Ativa
19257,Faculdade UNA de Divinópolis,Una Divinopolis,Privada,N,N,N,Faculdade,000000003122306,Divinópolis,MG,Ativa
2795,FACULDADE SÃO FRANCISCO DE ASSIS,FASFA,Privada,N,N,N,Faculdade,000000005106257,Nova Xavantina,MT,Extinta
5077,UNIVERSIDADE ESTADUAL DE RORAIMA,UERR,Pública,N,N,N,Universidade,000000001400100,Boa Vista,RR,Ativa
1625,FACULDADE REUNIDA,FAR,Privada,N,N,N,Faculdade,000000003520442,Ilha Solteira,SP,Extinta
20478,Faculdade de Tecnologia de Santana de Parnaíba,FATEC-SPB,Pública,N,N,N,Faculdade,000000003547304,Santana de Parnaíba,SP,Ativa
1396,Centro Universitário Dinâmica das Cataratas,UDC,Privada,N,N,N,Centro Universitário,000000004108304,Foz do Iguaçu,PR,Ativa
4863,FACULDADE ANHANGUERA DE POÇOS DE CALDAS,null,Privada,N,N,N,Faculdade,000000003151800,Poços de Caldas,MG,Ativa
1611,FACULDADES FATIFAJAR - FATIFAJAR ARAPOTI,null,Privada,N,N,N,Faculdade,000000004101606,Arapoti,PR,Ativa
4008,FACULDADE DE TECNOLOGIA SENAC PASSO FUNDO,SENAC PASSO FUNDO,Privada,N,N,N,Faculdade,000000004314100,Passo Fundo,RS,Extinta
2964,FACULDADE PROJEÇÃO DO GUARÁ,null,Privada,N,N,N,Faculdade,000000005300108,Brasília,DF,Ativa
408,ESCOLA SUPERIOR DE RELAÇÕES PÚBLICAS,ESURP,Privada,N,N,N,Faculdade,000000002611606,Recife,PE,Extinta
21399,Faculdade Uninassau Patos,NASSAU PATOS,Privada,N,N,N,Faculdade,000000002510808,Patos,PB,Extinta
19670,Faculdade de Ciências da Saúde Moinhos de Vento,FACSMV,Privada,N,N,N,Faculdade,000000004314902,Porto Alegre,RS,Ativa
4198,Faculdade Morgana Potrich,FAMP,Privada,N,N,N,Faculdade,000000005213103,Mineiros,GO,Ativa
14228,Faculdade Presidente Antônio Carlos Rio Novo,FUNEES,Privada,N,N,N,Faculdade,000000003155405,Rio Novo,MG,Extinta
14204,Faculdade Presidente Antônio Carlos de Arcos,FUNEES Arcos,Privada,N,N,N,Faculdade,000000003104205,Arcos,MG,Extinta
496,UNIVERSIDADE DE FRANCA,UNIFRAN,Privada,N,N,N,Universidade,000000003516200,Franca,SP,Ativa
13832,FACULDADE SAGRADA FAMÍLIA,FASF,Privada,N,S,N,Faculdade,000000004119905,Ponta Grossa,PR,Ativa
3396,Centro Universitário LS,UNILS,Privada,N,N,N,Centro Universitário,000000005300108,Brasília,DF,Ativa
556,CONSERVATÓRIO DE MÚSICA DE NITERÓI,CMN,Privada,N,N,N,Faculdade,000000003303302,Niterói,RJ,Extinta
22742,FACULDADE MASTER DO PARÁ - FAMAP TUCUMÃ,FAMAP,Privada,N,N,N,Faculdade,000000001508084,Tucumã,PA,Ativa
4493,FACULDADE DE TECNOLOGIA CERTUS,CERTUS,Privada,N,N,N,Faculdade,000000003550308,São Paulo,SP,Extinta
2365,CENTRO UNIVERSITÁRIO CATÓLICA DO TOCANTINS,UNICATÓLICA,Privada,N,S,N,Centro Universitário,000000001721000,Palmas,TO,Ativa
1550,FACULDADE DE EDUCAÇÃO FÍSICA DE FOZ DO IGUAÇU,null,Privada,N,N,N,Faculdade,000000004108304,Foz do Iguaçu,PR,Ativa
13476,FACULDADE SÃO BASÍLIO MAGNO,FASBAM,Privada,N,S,N,Faculdade,000000004106902,Curitiba,PR,Ativa
2596,INSTITUTO SUPERIOR DE EDUCAÇÃO DON DOMÊNICO,IDON,Privada,N,N,N,Faculdade,000000003518701,Guarujá,SP,Extinta
21857,Faculdade Tecnológica de Limoeiro do Norte: Ladislau Pereira,FTLN,Privada,N,N,N,Faculdade,000000002307601,Limoeiro do Norte,CE,Ativa
3303,Faculdade Invest de Ciências e Tecnologia,INVEST,Privada,N,N,N,Faculdade,000000005103403,Cuiabá,MT,Ativa
1099,FACULDADE DE EDUCAÇÃO E CIÊNCIAS GERENCIAIS DE SÃO PAULO,FECG-SP,Privada,N,N,N,Faculdade,000000003550308,São Paulo,SP,Extinta
1215,FACULDADE ANGLO LATINO,FAL,Privada,N,N,N,Faculdade,000000003550308,São Paulo,SP,Extinta
3585,FACULDADE SANTA CRUZ,FACRUZ,Privada,N,N,N,Faculdade,000000002612505,Santa Cruz do Capibaribe,PE,Ativa
4584,Faculdade FACESE,null,Privada,N,N,N,Faculdade,000000004106902,Curitiba,PR,Extinta
17487,Faculdade Metropolitana do Marajó,FAMMA,Privada,N,N,N,Faculdade,000000001501808,Breves,PA,Ativa
24881,Faculdade Filadelfia de Tecnologia,FAFILTEC,Privada,N,N,N,Faculdade,000000004208203,Itajaí,SC,Ativa
16395,Faculdade de Tecnologia de Carapicuiba,FATEC,Pública,N,N,N,Faculdade,000000003510609,Carapicuíba,SP,Ativa
22472,FACULDADE ARQUIDIOCESANA DE PIRAPORA,FAP,Privada,N,N,N,Faculdade,000000003151206,Pirapora,MG,Ativa
17014,CENTRO SUPERIOR DE ESTUDOS JURÍDICOS CARLOS DRUMMOND DE ANDRADE,CSEJCDA,Privada,N,N,N,Faculdade,000000003550308,São Paulo,SP,Ativa
2474,CENTRO UNIVERSITÁRIO MARIA MILZA,UNIMAM,Privada,N,N,N,Centro Universitário,000000002909802,Cruz das Almas,BA,Ativa
1989,INSTITUTO SUPERIOR DE EDUCAÇÃO AVANTIS,AVANTIS,Privada,N,N,N,Faculdade,000000004202008,Balneário Camboriú,SC,Extinta
824,CENTRO UNIVERSITÁRIO DE GOIATUBA,UNICERRADO,Pública,N,N,N,Centro Universitário,000000005209101,Goiatuba,GO,Ativa
1375,FACULDADE CATÓLICA RAINHA DA PAZ DE ARAPUTANGA,FCARP,Privada,N,N,N,Faculdade,000000005101258,Araputanga,MT,Ativa
21240,FACULDADE UNIRB - PIAUÍ,F. UNIRB,Privada,N,N,N,Faculdade,000000002211001,Teresina,PI,Ativa
738,CENTRO UNIVERSITÁRIO TERESA D'ÁVILA,FATEA,Privada,N,N,N,Centro Universitário,000000003527207,Lorena,SP,Ativa
176,UNIVERSIDADE CASTELO BRANCO,UCB,Privada,N,N,N,Universidade,000000003304557,Rio de Janeiro,RJ,Ativa
3649,CENTRO UNIVERSITÁRIO CIDADE VERDE,UniCV,Privada,N,N,N,Centro Universitário,000000004115200,Maringá,PR,Ativa
14147,Faculdade Presidente Antônio Carlos de Barão de Cocais,,Privada,N,N,N,Faculdade,000000003105400,Barão de Cocais,MG,Ativa
23203,Centro de Ensino Superior SOCIESC de São Bento do Sul,,Privada,N,N,N,Faculdade,000000004215802,São Bento do Sul,SC,Ativa
1805,CENTRO UNIVERSITÁRIO DOS GUARARAPES,UNIFG,Privada,N,N,N,Centro Universitário,000000002607901,Jaboatão dos Guararapes,PE,Ativa
1993,FACULDADE IDEAL DE PATOS,FACIPA,Privada,N,N,N,Faculdade,000000003148004,Patos de Minas,MG,Extinta
4167,INSTITUTO DE ENSINO SUPERIOR DA FUPESP,IESF,Pública,N,N,N,Faculdade,000000003536505,Paulínia,SP,Ativa
14160,Faculdade Presidente Antônio Carlos de Carmópolis,FUNEES C. de Minas,Privada,N,N,N,Faculdade,000000003114501,Carmópolis de Minas,MG,Extinta
14297,Faculdade Unirb - Parnaíba,F. UNIRB,Privada,N,N,N,Faculdade,000000002207702,Parnaíba,PI,Ativa
21268,FACULDADE ESTÁCIO DE ANANINDEUA,,Privada,N,N,N,Faculdade,000000001500800,Ananindeua,PA,Ativa
20322,Escola de Ensino Superior do Agreste Paraibano,EESAP,Privada,N,N,N,Faculdade,000000002506301,Guarabira,PB,Ativa
2032,FACULDADE DE PEDAGOGIA E FORMAÇÃO DE NORMALISTAS DE ARAGUAÍNA,ITPAC,Privada,N,N,N,Faculdade,000000001702109,Araguaína,TO,Extinta
16964,Faculdade de Tecnologia de Horizonte,FATHOR,Privada,N,N,N,Faculdade,000000002305233,Horizonte,CE,Ativa
828,FACULDADE DE SÃO LOURENÇO,FASAMA,Privada,N,N,N,Faculdade,000000003163706,São Lourenço,MG,Ativa
19786,FACULDADE ANHANGUERA DE SERRA,FPS,Privada,N,N,N,Faculdade,000000003205002,Serra,ES,Ativa
5313,Faculdades Unificadas de Cataguases,FUC,Privada,N,N,N,Faculdade,000000003115300,Cataguases,MG,Ativa
5369,FACULDADES INTEGRADAS ASMEC,ASMEC,Privada,N,N,N,Faculdade,000000003146008,Ouro Fino,MG,Ativa
1808,"INSTITUTO FEDERAL DE EDUCAÇÃO, CIÊNCIA E TECNOLOGIA DO ESPÍRITO SANTO",IFES,Pública,N,N,N,"Instituto Federal de Educação, Ciência e Tecnologia",000000003205309,Vitória,ES,Ativa
23026,Escola de Sargentos de Logística,EsSLog,Pública,N,N,N,Faculdade,000000003304557,Rio de Janeiro,RJ,Ativa
1344,FACULDADE BORGES DE MENDONÇA,FBM,Privada,N,N,N,Faculdade,000000004205407,Florianópolis,SC,Ativa
14383,Faculdade CNEC de Educação de Uberaba,FACEUB,Privada,N,N,N,Faculdade,000000003170107,Uberaba,MG,Ativa
386,CENTRO UNIVERSITÁRIO DE GOIÁS,UNIGOIÁS,Privada,N,N,N,Centro Universitário,000000005208707,Goiânia,GO,Ativa
19879,Faculdade IPESSP,IPESSP,Privada,N,N,N,Faculdade,000000003550308,São Paulo,SP,Ativa
25453,Faculdade Ésper,ÉSPER,Privada,N,N,N,Faculdade,000000005208707,Goiânia,GO,Ativa
1977,CENTRO DE ESTUDOS SUPERIORES APRENDIZ,CESA,Privada,N,N,N,Faculdade,000000003105608,Barbacena,MG,Ativa
23894,Faculdade Pitágoras de Belém,,Privada,N,N,N,Faculdade,000000001501402,Belém,PA,Ativa
4531,FACULDADE ADVENTISTA DA BAHIA,FADBA,Privada,N,S,N,Faculdade,000000002904902,Cachoeira,BA,Ativa
2485,FACULDADE CATÓLICA DE FORTALEZA,FCF,Privada,N,N,N,Faculdade,000000002304400,Fortaleza,CE,Ativa
18319,FACULDADES INTEGRADAS VITAL BRAZIL,FVB,Privada,N,N,N,Faculdade,000000003304557,Rio de Janeiro,RJ,Ativa
19849,Faculdade Univeritas Universus Veritas de Vitória,VERITAS VITÓRIA,Privada,N,N,N,Faculdade,000000003205309,Vitória,ES,Extinta
17593,Faculdade de Botucatu,FDB,Privada,N,N,N,Faculdade,000000003507506,Botucatu,SP,Ativa
4751,CENTRO UNIVERSITÁRIO UNIFATECIE,UNIFATECIE,Privada,N,N,N,Centro Universitário,000000004118402,Paranavaí,PR,Ativa
1572,FACULDADE DE CIÊNCIAS SOCIAIS APLICADAS,FACISA,Privada,N,N,N,Faculdade,000000002915601,Itamaraju,BA,Ativa
21983,FACULDADE MORUMBI,FAMOR,Privada,N,N,N,Faculdade,000000003550308,São Paulo,SP,Ativa
19736,FACULDADE RENOVAÇÃO DE ARAPONGAS,RENOVAÇÃO,Privada,N,N,N,Faculdade,000000004101507,Arapongas,PR,Extinta
17498,FACULDADE DE SAÚDE SANTO AGOSTINHO DE VITÓRIA DA CONQUISTA,FASA,Privada,N,N,N,Faculdade,000000002933307,Vitória da Conquista,BA,Ativa
1476,"FACULDADE DE COMUNICAÇÃO E DESIGN ""OSWALDO CRUZ""",null,Privada,N,N,N,Faculdade,000000003550308,São Paulo,SP,Ativa
17839,FACULDADE DE DRACENA,null,Privada,N,N,N,Faculdade,000000003514403,Dracena,SP,Ativa
21446,Instituto Superior da Convenção Nac. das Assembleias de Deus,ISCON,Privada,N,N,N,Faculdade,000000005300108,Brasília,DF,Ativa
4739,FACULDADE PRESBITERIANA AUGUSTO GALVÃO,FAPAG,Privada,N,N,N,Faculdade,000000002906006,Campo Formoso,BA,Extinta
3337,FACULDADE DE TECNOLOGIA DE TERESINA,FACULDADE CET,Privada,N,N,N,Faculdade,000000002211001,Teresina,PI,Ativa
15708,Faculdade de Tecnologia Dr. Thomaz Novelino,FATEC Franca,Pública,N,N,N,Faculdade,000000003516200,Franca,SP,Ativa
1350,Centro Universitário do Vale do Jaguaribe,UNIJAGUARIBE,Privada,N,N,N,Centro Universitário,000000002301109,Aracati,CE,Ativa
1068,FACULDADE ALDETE MARIA ALVES,FAMA,Privada,N,N,N,Faculdade,000000003134400,Iturama,MG,Ativa
5021,FACULDADE DE EDUCAÇÃO TECNOLÓGICA DO ESTADO DO RIO DE JANEIRO - FAETERJ,FAETERJ ITAPERUNA,Pública,N,N,N,Faculdade,000000003302205,Itaperuna,RJ,Ativa
4141,FACULDADE ANHANGUERA DE TAUBATÉ,null,Privada,N,N,N,Faculdade,000000003554102,Taubaté,SP,Ativa
21439,Escola de Artilharia de Costa e Antiaérea,EsCosAAe,Pública,N,N,N,Instituição Especialmente Credenciada para oferta de cursos lato sensu,000000003304557,Rio de Janeiro,RJ,Ativa
409,UNIVERSIDADE DE PERNAMBUCO,UPE,Pública,N,N,N,Universidade,000000002611606,Recife,PE,Ativa
1315,FACULDADE DE EDUCAÇÃO DA SERRA,FASE,Privada,N,N,N,Faculdade,000000003205002,Serra,ES,Extinta
1699,FACULDADE DE EDUCAÇÃO DE JARU,UNICENTRO,Privada,N,N,N,Faculdade,000000001100114,Jaru,RO,Ativa
21952,FGV / Escola de Relações Internacionais,FGV/RI,Privada,N,N,N,Faculdade,000000003550308,São Paulo,SP,Ativa
216,CENTRO UNIVERSITÁRIO METODISTA IZABELA HENDRIX,CEUNIH,Privada,S,N,N,Centro Universitário,000000003106200,Belo Horizonte,MG,Ativa
1386,FACULDADE ESAMC CAMPINAS,ESAMC,Privada,N,N,N,Faculdade,000000003509502,Campinas,SP,Ativa
29,UNIVERSIDADE ESTADUAL DO CEARÁ,UECE,Pública,N,N,N,Universidade,000000002304400,Fortaleza,CE,Ativa
1981,FACULDADE MILLENNIUM,FACMILLENIUM,Privada,N,N,N,Faculdade,000000005300108,Brasília,DF,Extinta
4873,FACULDADE IBRA DE TAUBATÉ,FACULDADE FITAU,Privada,N,N,N,Faculdade,000000003554102,Taubaté,SP,Ativa
1563,CENTRO UNIVERSITÁRIO UNINOVAFAPI,UNINOVAFAPI,Privada,N,N,N,Centro Universitário,000000002211001,Teresina,PI,Ativa
12247,"Instituto Brasileiro de Ensino, Desenvolvimento e Pesquisa de Brasília",IDP-BSB,Privada,N,N,N,Faculdade,000000005300108,Brasília,DF,Ativa
3781,FACULDADE DE TECNOLOGIA DE JARAGUÁ DO SUL,FATEJ,Privada,N,N,N,Faculdade,000000004208906,Jaraguá do Sul,SC,Extinta
23821,FACULDADE VALE DO SORRISO,UNIVALE,Privada,N,N,N,Faculdade,000000002516201,Sousa,PB,Ativa
12772,FACULDADE DE TECNOLOGIA SENAC MINAS - UNIDADE BELO HORIZONTE,FTS,Privada,N,N,N,Faculdade,000000003106200,Belo Horizonte,MG,Ativa
1732,FACULDADE GENNARI E PEARTREE,FGP,Privada,N,N,N,Faculdade,000000003536703,Pederneiras,SP,Ativa
21445,Faculdade Regional do Centro Sul de Sergipe,FARSUL,Privada,N,N,N,Faculdade,000000002807600,Umbaúba,SE,Ativa
4435,FACULDADE SÃO PAULO,FASP,Privada,N,N,N,Faculdade,000000003550308,São Paulo,SP,Extinta
2456,FACULDADE DE ADMINISTRAÇÃO DE CHAPADÃO DO SUL,FACHASUL,Privada,N,N,N,Faculdade,000000005002951,Chapadão do Sul,MS,Ativa
20547,Faculdade Uninta Itapipoca,null,Privada,N,S,N,Faculdade,000000002306405,Itapipoca,CE,Ativa
14032,Faculdade Presidente Antônio Carlos de Belo Horizonte,FUNEC Belo Horizonte,Privada,N,N,N,Faculdade,000000003106200,Belo Horizonte,MG,Extinta
2460,FACULDADE ESTÁCIO DE NATAL,Estacio Natal,Privada,N,N,N,Faculdade,000000002408102,Natal,RN,Ativa
22992,Faculdade SENAI de Construção,,Privada,N,N,N,Faculdade,000000005002704,Campo Grande,MS,Ativa
1423,Faculdade Ideal Wyden,Faci Wyden,Privada,N,N,N,Faculdade,000000001501402,Belém,PA,Ativa
14153,Faculdade Presidente Antônio Carlos de Porteirinha,FUNEES Porteirinha,Privada,N,N,N,Faculdade,000000003152204,Porteirinha,MG,Extinta
1840,CENTRO UNIVERSITÁRIO CASTELO BRANCO,UNICB,Privada,N,N,N,Centro Universitário,000000003201506,Colatina,ES,Ativa
12754,FACULDADE CRISTÃ DE CURITIBA,FCC,Privada,N,N,N,Faculdade,000000004106902,Curitiba,PR,Ativa
19943,Faculdade Sapiens,SAPIENS,Privada,N,N,N,Faculdade,000000001100205,Porto Velho,RO,Ativa
2745,CENTRO UNIVERSITÁRIO DA AMAZÔNIA,UNIESAMAZ,Privada,N,N,N,Centro Universitário,000000001501402,Belém,PA,Ativa
24989,FACULDADE TERCEIRA VISÃO,F3V,Privada,N,N,N,Faculdade,000000004308607,Garibaldi,RS,Ativa
23278,Faculdade de Agronomia UNA de Itumbiara,,Privada,N,N,N,Faculdade,000000005211503,Itumbiara,GO,Ativa
1759,CENTRO UNIVERSITÁRIO PADRE JOÃO BAGOZZI,UNIBAGOZZI,Privada,N,N,N,Centro Universitário,000000004106902,Curitiba,PR,Ativa
3789,FACULDADE EVANGÉLICA DE GOIANÉSIA,FACEG,Privada,N,N,N,Faculdade,000000005208608,Goianésia,GO,Ativa
17816,FACULDADE UNINASSAU FEIRA DE SANTANA,null,Privada,N,N,N,Faculdade,000000002910800,Feira de Santana,BA,Ativa
4005,FACULDADE CENECISTA DE SENHOR DO BONFIM,FACESB,Privada,N,N,N,Faculdade,000000002930105,Senhor do Bonfim,BA,Extinta
1973,INSTITUTO SUPERIOR DE EDUCAÇÃO ORÍGENES LESSA,ISEOL,Privada,N,N,N,Faculdade,000000003526803,Lençóis Paulista,SP,Extinta
2845,Cesrei Faculdade,null,Privada,N,N,N,Faculdade,000000002504009,Campina Grande,PB,Ativa
1126,UNIVERSIDADE ESTADUAL DO CENTRO OESTE,UNICENTRO,Pública,N,N,N,Universidade,000000004109401,Guarapuava,PR,Ativa
4539,FACULDADE DE TEOLOGIA E CIÊNCIAS HUMANAS,ITEPAFACULDADES,Privada,N,N,N,Faculdade,000000004314100,Passo Fundo,RS,Extinta
22076,Faculdade Estácio de Alagoinhas,,Privada,N,N,N,Faculdade,000000002900702,Alagoinhas,BA,Ativa
4329,FACULDADE DO CENTRO EDUCACIONAL MINEIRO - FACEM,FACEM-BH,Privada,N,N,N,Faculdade,000000003106200,Belo Horizonte,MG,Ativa
760,FACULDADE DE CIÊNCIAS HUMANAS DE PERNAMBUCO,FCHPE,Privada,N,N,N,Faculdade,000000002611606,Recife,PE,Ativa
3115,INSTITUTO SUPERIOR DE EDUCAÇÃO SANTO AGOSTINHO DE PIRAPORA,ISAP,Privada,N,N,N,Faculdade,000000003151206,Pirapora,MG,Extinta
1143,Faculdade de Ciências de Timbaúba,FACET,Privada,N,N,N,Faculdade,000000002615300,Timbaúba,PE,Extinta
5079,FACULDADE EDUCACIONAL DE MATELÂNDIA,FAMA,Privada,N,N,N,Faculdade,000000004115606,Matelândia,PR,Extinta
213,CENTRO UNIVERSITÁRIO ÁLVARES PENTEADO,FECAP,Privada,S,N,N,Centro Universitário,000000003550308,São Paulo,SP,Ativa
13897,FACULDADE LABORO,Laboro,Privada,N,N,N,Faculdade,000000002111300,São Luís,MA,Ativa
1486,FACULDADE ESTÁCIO DE SÁ DE VITÓRIA,FESV,Privada,N,N,N,Faculdade,000000003205309,Vitória,ES,Ativa
17731,FACULDADE SESI-SP DE EDUCAÇÃO,FASESP,Privada,N,N,N,Faculdade,000000003550308,São Paulo,SP,Ativa
1653,FACULDADE DE CIÊNCIA E EDUCAÇÃO DO CAPARAÓ,FACEC,Privada,N,N,N,Faculdade,000000003202306,Guaçuí,ES,Ativa
3647,FACULDADE DE TECNOLOGIA MARISTA,CETEMA,Privada,N,N,N,Faculdade,000000003106200,Belo Horizonte,MG,Extinta
1286,Faculdade de Tecnologia Senai Mario Amato,SENAI,Privada,N,N,N,Faculdade,000000003548708,São Bernardo do Campo,SP,Ativa
794,CENTRO UNIVERSITÁRIO DE VÁRZEA GRANDE,UNIVAG,Privada,N,N,N,Centro Universitário,000000005108402,Várzea Grande,MT,Ativa
22144,Faculdade de Ciências Jurídicas de Luziânia,,Privada,N,N,N,Faculdade,000000005212501,Luziânia,GO,Ativa
1412,FACULDADE ANHANGUERA DE JUNDIAÍ,null,Privada,N,N,N,Faculdade,000000003525904,Jundiaí,SP,Ativa
2035,FACULDADE FATIFAJAR JAGUARIAÍVA,FAJAR,Privada,N,N,N,Faculdade,000000004112009,Jaguariaíva,PR,Ativa
14069,FACULDADE DE TECNOLOGIA PORTO SUL,FAPS,Privada,N,N,N,Faculdade,000000003541000,Praia Grande,SP,Ativa
4945,FACULDADE INTERNACIONAL DO DELTA,INTA,Privada,N,N,N,Faculdade,000000002207702,Parnaíba,PI,Ativa
22325,Faculdade Christus,Christus Eusébio,Privada,N,N,N,Faculdade,000000002304285,Eusébio,CE,Ativa
14166,Faculdade Presidente Antônio Carlos de Itabira,FUNEES Itabira,Privada,N,N,N,Faculdade,000000003131703,Itabira,MG,Extinta
1697,CENTRO UNIVERSITÁRIO FACOL,UNIFACOL,Privada,N,N,N,Centro Universitário,000000002616407,Vitória de Santo Antão,PE,Ativa
21643,Faculdade Rudolf Steiner,FRS,Privada,N,N,N,Faculdade,000000003550308,São Paulo,SP,Ativa
368,FACULDADE DE EDUCAÇÃO FÍSICA DA ASSOCIAÇÃO CRISTÃ DE MOÇOS DE SOROCABA,FEFISO,Privada,N,N,N,Faculdade,000000003552205,Sorocaba,SP,Ativa
667,FACULDADES INTEGRADAS DE JACAREPAGUÁ,FIJ,Privada,N,N,N,Faculdade,000000003304557,Rio de Janeiro,RJ,Ativa
1461,CENTRO UNIVERSIÁRIO UNIFTC SALVADOR,null,Privada,N,N,N,Centro Universitário,000000002927408,Salvador,BA,Ativa
21886,Faculdade Pitágoras de Serrinha,,Privada,N,N,N,Faculdade,000000002930501,Serrinha,BA,Extinta
2134,FACULDADE ASSEMBLEIANA DO BRASIL,null,Privada,N,N,N,Faculdade,000000005208707,Goiânia,GO,Ativa
20106,FACULDADE STBNB,,Privada,N,N,N,Faculdade,000000002611606,Recife,PE,Ativa
5353,FACULDADE DE TECNOLOGIA BANDEIRANTES,BANDTEC,Privada,N,N,N,Faculdade,000000003550308,São Paulo,SP,Extinta
15507,"Instituto Federal de Educação, Ciência e Tecnologia do Acre",IFAC,Pública,N,N,N,"Instituto Federal de Educação, Ciência e Tecnologia",000000001200401,Rio Branco,AC,Ativa
1806,FACULDADE FERNÃO DIAS,FAFE,Privada,N,N,N,Faculdade,000000003534401,Osasco,SP,Ativa
242,CENTRO UNIVERSITÁRIO ANHANGUERA PITÁGORAS AMPLI,null,Privada,N,N,N,Centro Universitário,000000003547809,Santo André,SP,Ativa
2724,INSTITUTO DE ENSINO SUPERIOR DO SUL DO MARANHÃO,IESMA,Privada,N,N,N,Faculdade,000000002105302,Imperatriz,MA,Ativa
307,FACULDADE DE MEDICINA DE BARBACENA,FAME,Privada,N,N,N,Faculdade,000000003105608,Barbacena,MG,Ativa
581,UNIVERSIDADE FEDERAL DO RIO GRANDE DO SUL,UFRGS,Pública,N,N,N,Universidade,000000004314902,Porto Alegre,RS,Ativa
191,FACULDADE DE CIÊNCIAS CONTÁBEIS E DE ADMINISTRAÇÃO DE EMPRESAS,FCCAE,Privada,N,N,N,Faculdade,000000003304557,Rio de Janeiro,RJ,Ativa
2423,FACULDADE DE CIÊNCIA E TECNOLOGIA DE MONTES CLAROS,FACIT,Privada,N,N,N,Faculdade,000000003143302,Montes Claros,MG,Ativa
15401,Faculdade FIPECAFI,FIPECAFI,Privada,N,N,N,Faculdade,000000003550308,São Paulo,SP,Ativa
18338,Faculdade Gamaliel,FAGAMA,Privada,N,N,N,Faculdade,000000005214606,Niquelândia,GO,Extinta
1202,Centro Universitário Santa Rita,UNIFASAR,Privada,N,N,N,Centro Universitário,000000003118304,Conselheiro Lafaiete,MG,Ativa
16453,Faculdade Unirb -  Ceará,F. UNIRB,Privada,N,N,N,Faculdade,000000002304400,Fortaleza,CE,Extinta
768,FACULDADE DE ADMINISTRAÇÃO DE NOVA ANDRADINA,FANA,Privada,N,N,N,Faculdade,000000005006200,Nova Andradina,MS,Extinta
10071,FACULDADE DE TEOLOGIA E CIÊNCIAS HUMANAS,ITEPAFACULDADES,Privada,N,N,N,Faculdade,000000004314100,Passo Fundo,RS,Ativa
15355,Faculdade Presidente Antônio Carlos de Bom Despacho,,Privada,N,N,N,Faculdade,000000003107406,Bom Despacho,MG,Extinta
13527,FACULDADE CANÇÃO NOVA,FCN,Privada,N,N,N,Faculdade,000000003508603,Cachoeira Paulista,SP,Ativa
2116,FACULDADE IGUAPENSE SANTO AUGUSTO,FISA,Privada,N,N,N,Faculdade,000000003520301,Iguape,SP,Extinta
1939,INSTITUTO DE ENSINO SUPERIOR DE LONDRINA - INESUL,INESUL,Privada,N,N,N,Faculdade,000000004113700,Londrina,PR,Ativa
3186,FACULDADE DE SÃO ROQUE,FASAR,Privada,N,N,N,Faculdade,000000003550605,São Roque,SP,Ativa
1964,"FACULDADE DE TECNOLOGIA EM HOTELARIA, GASTRONOMIA E TURISMO DE SÃO PAULO",HOTEC,Privada,N,N,N,Faculdade,000000003550308,São Paulo,SP,Ativa
4153,Centro Universitário Joaquim Nabuco de Recife,UNINABUCO RECIFE,Privada,N,N,N,Centro Universitário,000000002611606,Recife,PE,Ativa
3804,Centro Universitário Senac,RS,Privada,N,N,N,Centro Universitário,000000004314902,Porto Alegre,RS,Ativa
1833,FACULDADE DE ARUJÁ,FAR,Privada,N,N,N,Faculdade,000000003503901,Arujá,SP,Extinta
510,FACULDADE WENCESLAU BRAZ,null,Privada,N,S,N,Faculdade,000000003132404,Itajubá,MG,Ativa
2447,INSTITUTO EDUCACIONAL DE CASTRO,INEC,Privada,N,N,N,Faculdade,000000004104907,Castro,PR,Extinta
22248,FACULDADE SUCESSO,FACSU,Privada,N,N,N,Faculdade,000000002513901,São Bento,PB,Ativa
837,FACULDADE DE CIÊNCIAS HUMANAS DE FORTALEZA,FCHFOR,Privada,N,N,N,Faculdade,000000002304400,Fortaleza,CE,Ativa
14207,Faculdade Presidente Antônio Carlos de Juatuba,FUNEES,Privada,N,N,N,Faculdade,000000003136652,Juatuba,MG,Extinta
3758,Faculdade UNISUL de Florianópolis,null,Privada,N,N,N,Faculdade,000000004205407,Florianópolis,SC,Ativa
1149,CENTRO UNIVERSITÁRIO NOSSA SENHORA DO PATROCÍNIO,CEUNSP,Privada,N,N,N,Centro Universitário,000000003523909,Itu,SP,Ativa
25307,FACULDADE ITPAC ABAETETUBA,ITPAC ABAET,Privada,N,N,N,Faculdade,000000001500107,Abaetetuba,PA,Ativa
1527,FACULDADE TAMOIOS,FATA,Privada,N,N,N,Faculdade,000000003550308,São Paulo,SP,Extinta
15581,Faculdade de Tecnologia de São José dos Campos - Jessen Vidal,FATECSJCAMPOS,Pública,N,N,N,Faculdade,000000003549904,São José dos Campos,SP,Ativa
1606,FACULDADES INTEGRADAS DE CASSILÂNDIA,FIC,Privada,N,N,N,Faculdade,000000005002902,Cassilândia,MS,Ativa
1063,Faculdade Doctum de Vila Velha,DOCTUM,Privada,N,N,N,Faculdade,000000003205200,Vila Velha,ES,Ativa
4452,CENTRO UNIVERSITÁRIO ANHANGUERA DE MARABÁ,null,Privada,N,N,N,Centro Universitário,000000001504208,Marabá,PA,Ativa
22219,FACULDADE UNIVERITAS UNIVERSUS VERITAS DE CONTAGEM,VERITAS CONTAGEM,Privada,N,N,N,Faculdade,000000003118601,Contagem,MG,Extinta
22452,FACULDADE ATITUDE DE EDUCAÇÃO CONTINUADA,FAEC,Privada,N,N,N,Faculdade,000000003515509,Fernandópolis,SP,Ativa
1358,FACULDADE DE PEDAGOGIA DE AFONSO CLÁUDIO,ISEAC,Privada,N,N,N,Faculdade,000000003200102,Afonso Cláudio,ES,Extinta
15715,FACULDADE DE TECNOLOGIA PROFESSOR ANTÔNIO SEABRA,FATEC LINS,Pública,N,N,N,Faculdade,000000003527108,Lins,SP,Ativa
20534,Centro de Ensino Superior Riograndense Guapore,CESURG Guapore,Privada,N,N,N,Faculdade,000000004309407,Guaporé,RS,Ativa
15518,Facudade de Morrinhos,FAM,Privada,N,N,N,Faculdade,000000005213806,Morrinhos,GO,Extinta
951,FACULDADES INTEGRADAS DE COXIM,FICO,Privada,N,N,N,Faculdade,000000005003306,Coxim,MS,Extinta
2573,FACULDADE TEOLÓGICA SUL AMERICANA,FTSA,Privada,N,N,N,Faculdade,000000004113700,Londrina,PR,Ativa
2175,CENTRO UNIVERSITÁRIO DANTE,UNIDANTE,Privada,N,N,N,Centro Universitário,000000004202404,Blumenau,SC,Ativa
1680,Faculdade Unirb - Mossoró,F. UNIRB,Privada,N,N,N,Faculdade,000000002408003,Mossoró,RN,Ativa
1899,FACULDADE DE NOVA ESPERANÇA,null,Privada,N,N,N,Faculdade,000000004116901,Nova Esperança,PR,Extinta
4780,FACULDADE DE CIÊNCIAS DA SAÚDE DE UNAÍ,FACISA,Privada,N,N,N,Faculdade,000000003170404,Unaí,MG,Ativa
24490,Faculdade Unieducar,,Privada,N,N,N,Faculdade,000000002304400,Fortaleza,CE,Ativa
23868,Link School of Business,LSB,Privada,N,N,N,Faculdade,000000003550308,São Paulo,SP,Ativa
2642,FACULDADE SÃO VICENTE,FASVIPA,Privada,N,N,N,Faculdade,000000002706406,Pão de Açúcar,AL,Ativa
22257,Faculdade de Direito AVANTIS de Itapema,AVANTIS Itapema,Privada,N,N,N,Faculdade,000000004208302,Itapema,SC,Ativa
685,FACULDADE DO BELO JARDIM,FBJ,Pública,N,N,N,Faculdade,000000002601706,Belo Jardim,PE,Ativa
4594,FACULDADE CATÓLICA DE RONDONIA,FCR,Privada,N,N,N,Faculdade,000000001100205,Porto Velho,RO,Ativa
12189,FACUMINAS Faculdade,FACUMINAS,Privada,N,N,N,Faculdade,000000003143302,Montes Claros,MG,Ativa
472,UNIVERSIDADE DO GRANDE RIO PROFESSOR JOSÉ DE SOUZA HERDY,UNIGRANRIO,Privada,N,N,N,Universidade,000000003301702,Duque de Caxias,RJ,Ativa
4197,Faculdade Uninassau Aliança - Redenção,Nassau Aliança,Privada,N,N,N,Faculdade,000000002211001,Teresina,PI,Ativa
11750,FACULDADE ANHANGUERA PITÁGORAS VOTORANTIM,-,Privada,N,N,N,Faculdade,000000003557006,Votorantim,SP,Ativa
4889,FACULDADE CONECTADA FACONNECT,FACONNECT,Privada,N,N,N,Faculdade,000000003512308,Conchas,SP,Ativa
1547,FACULDADE DE MEDICINA ESTÁCIO DE JUAZEIRO DO NORTE,ESTÁCIO FMJ,Privada,N,N,N,Faculdade,000000002307304,Juazeiro do Norte,CE,Ativa
17667,FACULDADE ANHANGUERA UNIDADE PARAUAPEBAS,null,Privada,N,N,N,Faculdade,000000001505536,Parauapebas,PA,Ativa
4255,Centro Universitário de Rondônia,Unesc,Privada,N,N,N,Centro Universitário,000000001100049,Cacoal,RO,Ativa
12346,FACULDADE METROPOLITANA SÃO CARLOS,FAMESC,Privada,N,N,N,Faculdade,000000003304151,Quissamã,RJ,Extinta
1311,TREVISAN ESCOLA SUPERIOR DE NEGÓCIOS,TREVISAN,Privada,N,N,N,Faculdade,000000003550308,São Paulo,SP,Ativa
25313,Faculdade Fraga de Integração da Cultura Educação e Pesquisa,FICEPE,Privada,N,N,N,Faculdade,000000005205497,Cidade Ocidental,GO,Ativa
19542,FACULDADES JOÃO PAULO II - Campus Porto Alegre,FJP,Privada,N,N,N,Faculdade,000000004314902,Porto Alegre,RS,Ativa
23820,FACULDADE DESCOMPLICA,,Privada,N,N,N,Faculdade,000000003304557,Rio de Janeiro,RJ,Ativa
14135,Faculdade Presidente Antônio Carlos de São Gotardo,FUNEC São Gotardo,Privada,N,N,N,Faculdade,000000003162104,São Gotardo,MG,Extinta
19297,FACULDADE PIO DECIMO DE CANINDE DO SAO FRANCISCO,FAPIDE,Privada,N,N,N,Faculdade,000000002801207,Canindé de São Francisco,SE,Ativa
5305,FACULDADE DE CIÊNCIAS SOCIAIS APLICADAS E HUMANAS DE GARANHUNS,FAHUG,Pública,N,N,N,Faculdade,000000002606002,Garanhuns,PE,Extinta
4858,ESCOLA SUPERIOR DE SAÚDE DE ARCOVERDE,ESSA,Pública,N,N,N,Faculdade,000000002601201,Arcoverde,PE,Ativa
21850,Instituto Internacional de Estudos em Saude,IIESAU,Privada,N,N,N,Faculdade,000000003543402,Ribeirão Preto,SP,Ativa
17690,FACULDADE DE TECNOLOGIA SENAI ROBERTO MANGE,,Privada,N,N,N,Faculdade,000000003509502,Campinas,SP,Ativa
24214,Faculdade dos Gênios,FAGENIUS,Privada,N,N,N,Faculdade,000000003131307,Ipatinga,MG,Ativa
20074,Instituto Brasileiro de Coaching,IBC,Privada,N,N,N,Faculdade,000000005208707,Goiânia,GO,Ativa
24245,FACULDADE QUALITTAS - EAD,,Privada,N,N,N,Faculdade,000000003550308,São Paulo,SP,Ativa
699,FUNDAÇÃO UNIVERSIDADE FEDERAL DE RONDÔNIA,UNIR,Pública,N,N,N,Universidade,000000001100205,Porto Velho,RO,Ativa
3613,FACULDADES INTEGRADAS IESGO,IESGO,Privada,N,N,N,Faculdade,000000005208004,Formosa,GO,Ativa
22175,Faculdade  São Joaquim da Barra,,Privada,N,N,N,Faculdade,000000003549409,São Joaquim da Barra,SP,Ativa
3154,FACULDADE DE TECNOLOGIA SENAI RIO DO SUL,SENAI RIO DO SUL,Privada,N,N,N,Faculdade,000000004214805,Rio do Sul,SC,Extinta
4175,INSTITUTO UNIFICADO EUROPEU DO BRASIL IUNE-BRASIL,IUNEBRASIL,Privada,N,N,N,Faculdade,000000002604106,Caruaru,PE,Extinta
23381,"FACULDADE DE GOVERNANÇA, ENGENHARIA E EDUCAÇÃO DE SÃO PAULO",FGE-SP,Privada,N,N,N,Faculdade,000000003504503,Avaré,SP,Ativa
13903,FACULDADE DE CIÊNCIAS GERENCIAIS DE SANTOS DUMONT,FACIG,Privada,N,N,N,Faculdade,000000003160702,Santos Dumont,MG,Extinta
22950,Faculdade do Estado do Rio de Janeiro,FAERJ,Privada,N,N,N,Faculdade,000000003301009,Campos dos Goytacazes,RJ,Ativa
1383,FACULDADE NOVO HORIZONTE DE IPOJUCA,FNH,Privada,N,N,N,Faculdade,000000002607208,Ipojuca,PE,Ativa
17926,Faculdade de Ensino Superior Paschoal Dantas,,Privada,N,N,N,Faculdade,000000003550308,São Paulo,SP,Ativa
20643,FACULDADE UNIRB - TERESINA,F. UNIRB,Privada,N,N,N,Faculdade,000000002211001,Teresina,PI,Ativa
15173,FACULDADE EVANGÉLICA DE JARAGUÁ,FEJA,Privada,N,N,N,Faculdade,000000005211800,Jaraguá,GO,Ativa
22098,FACULDADE ISMD,ISMD,Privada,N,N,N,Faculdade,000000003550308,São Paulo,SP,Ativa
2420,FACULDADE PARANAENSE,FAPAR,Privada,N,N,N,Faculdade,000000004106902,Curitiba,PR,Ativa
1586,UNIVERSIDADE DO VALE DO SAPUCAÍ,UNIVÁS,Privada,N,N,N,Universidade,000000003152501,Pouso Alegre,MG,Ativa
2129,ESCOLA DE ECONOMIA DE SÃO PAULO,EESP,Privada,N,N,N,Faculdade,000000003550308,São Paulo,SP,Ativa
5374,FACULDADE BRASILEIRA DE ESTUDOS AVANÇADOS -FABEA,FABEA,Privada,N,N,N,Faculdade,000000002111300,São Luís,MA,Extinta
1616,FACULDADE ANGEL VIANNA,FAV,Privada,N,N,N,Faculdade,000000003304557,Rio de Janeiro,RJ,Ativa
1472,CENTRO UNIVERSITÁRIO LEONARDO DA VINCI,UNIASSELVI,Privada,N,N,N,Centro Universitário,000000004207502,Indaial,SC,Ativa
13417,FACULDADE PRINCESA DO OESTE,FPO,Privada,N,N,N,Faculdade,000000002304103,Crateús,CE,Ativa
2651,FACULDADE TAMANDARÉ,FAT,Privada,N,N,N,Faculdade,000000005208707,Goiânia,GO,Extinta
2796,FACULDADE DE IPORÁ,FAI,Privada,N,N,N,Faculdade,000000005210208,Iporá,GO,Ativa
1568,FACULDADES DOCTUM DE CARATINGA,DOCTUM,Privada,N,N,N,Faculdade,000000003113404,Caratinga,MG,Ativa
16901,INSTITUTO EDUCATIE,EDUCATIE,Privada,N,N,N,Faculdade,000000003530607,Mogi das Cruzes,SP,Extinta
4277,FACULDADE ESTÁCIO DO AMAZONAS - ESTÁCIO AMAZONAS,ESTÁCIO AMAZONAS,Privada,N,N,N,Faculdade,000000001302603,Manaus,AM,Ativa
2895,Faculdade liberdade - Educação e Tecnologia,Faliber,Privada,N,N,N,Faculdade,000000004319307,São Paulo das Missões,RS,Extinta
1283,INSTITUTO MANCHESTER PAULISTA DE ENSINO SUPERIOR,IMAPES,Privada,N,N,N,Faculdade,000000003552205,Sorocaba,SP,Extinta
989,ESCOLA SUPERIOR EM MEIO AMBIENTE,ESMA,Privada,N,N,N,Faculdade,000000003130309,Iguatama,MG,Ativa
221,UNIVERSIDADE CRUZEIRO DO SUL,UNICSUL,Privada,N,N,N,Universidade,000000003550308,São Paulo,SP,Ativa
21280,Faculdade Pitágoras de Alagoinhas,FPA,Privada,N,N,N,Faculdade,000000002900702,Alagoinhas,BA,Ativa
570,UNIVERSIDADE FEDERAL DO RIO GRANDE DO NORTE,UFRN,Pública,N,N,N,Universidade,000000002408102,Natal,RN,Ativa
5555,FACULDADE ANHANGUERA DE JACAREÍ,null,Privada,N,N,N,Faculdade,000000003524402,Jacareí,SP,Ativa
23843,Faculdade ITEC,null,Privada,N,N,N,Faculdade,000000002510808,Patos,PB,Ativa
1845,FEFISA - FACULDADES INTEGRADAS DE SANTO ANDRÉ,FEFISA,Privada,N,N,N,Faculdade,000000003547809,Santo André,SP,Extinta
501,ESCOLA SUPERIOR DE CIÊNCIAS DA SANTA CASA DE MISERICÓRDIA DE VITÓRIA,EMESCAM,Privada,N,N,N,Faculdade,000000003205309,Vitória,ES,Ativa
22738,FACULDADE PITÁGORAS UNOPAR DE CALDAS NOVAS,,Privada,N,N,N,Faculdade,000000005204508,Caldas Novas,GO,Ativa
4596,FACULDADE REGES DE RIBEIRÃO PRETO,null,Privada,N,N,N,Faculdade,000000003543402,Ribeirão Preto,SP,Ativa
1499,FACULDADE ANHANGUERA DE TABOÃO DA SERRA,FATS,Privada,N,N,N,Faculdade,000000003552809,Taboão da Serra,SP,Ativa
1310,FACULDADE DE AMERICANA,FAM,Privada,N,N,N,Faculdade,000000003501608,Americana,SP,Ativa
4042,Faculdade JK Brasília - Recanto das Emas,JK BSB RE,Privada,N,N,N,Faculdade,000000005300108,Brasília,DF,Ativa
1986,CENTRO UNIVERSITÁRIO ESTÁCIO JUIZ DE FORA - ESTÁCIO JUIZ DE FORA,null,Privada,N,N,N,Centro Universitário,000000003136702,Juiz de Fora,MG,Ativa
12829,FACULDADE ÊXITO,FAEX,Privada,N,N,N,Faculdade,000000005214606,Niquelândia,GO,Extinta
2971,FACULDADE BARRETOS,FB,Privada,N,N,N,Faculdade,000000003505500,Barretos,SP,Ativa
25907,CENAC - Centro de Ensino Nacional,,Privada,N,N,N,Faculdade,000000003557105,Votuporanga,SP,Ativa
1659,FACULDADE ESTÁCIO DE SÁ DE OURINHOS,FAESO,Privada,N,N,N,Faculdade,000000003534708,Ourinhos,SP,Ativa
4077,Faculdade QI Brasil,FAQI,Privada,N,N,N,Faculdade,000000004309209,Gravataí,RS,Ativa
534,ESCOLA BAHIANA DE MEDICINA E SAÚDE PÚBLICA,EBMSP,Privada,N,N,N,Faculdade,000000002927408,Salvador,BA,Ativa
592,UNIVERSIDADE FEDERAL DE LAVRAS,UFLA,Pública,N,N,N,Universidade,000000003138203,Lavras,MG,Ativa
4420,Centro Universitário Aeso -  Barros Melo,Uniaeso,Privada,N,N,N,Centro Universitário,000000002609600,Olinda,PE,Ativa
375,UNIVERSIDADE SANTO AMARO,UNISA,Privada,N,N,N,Universidade,000000003550308,São Paulo,SP,Ativa
17284,CENTRO UNIVERSITÁRIO MAURÍCIO DE NASSAU DE SÃO LUÍS,UNINASSAU,Privada,N,N,N,Centro Universitário,000000002111300,São Luís,MA,Ativa
1820,"INSTITUTO FEDERAL DE EDUCAÇÃO, CIÊNCIA E TECNOLOGIA DO PIAUÍ",IFPI,Pública,N,N,N,"Instituto Federal de Educação, Ciência e Tecnologia",000000002211001,Teresina,PI,Ativa
10016,FACULDADE OBOÉ - FACO,FACO,Privada,N,N,N,Faculdade,000000002304400,Fortaleza,CE,Extinta
1689,FACULDADE SANTA IZILDINHA,FIESI,Privada,N,N,N,Faculdade,000000003550308,São Paulo,SP,Extinta
4901,Centro Universitário FASIPE,null,Privada,N,N,N,Centro Universitário,000000005107909,Sinop,MT,Ativa
1535,Faculdade de Pinhais,FAPI,Privada,N,N,N,Faculdade,000000004119152,Pinhais,PR,Ativa
709,INSTITUTO DE CIÊNCIAS EXATAS,UNEB,Privada,N,N,N,Faculdade,000000005300108,Brasília,DF,Extinta
2084,FACULDADE CNEC NOVA PETRÓPOLIS,null,Privada,S,N,N,Faculdade,000000004313201,Nova Petrópolis,RS,Ativa
2304,INSTITUTO DE ENSINO SUPERIOR DA FUNLEC DE BONITO,IESF,Privada,N,N,N,Faculdade,000000005002209,Bonito,MS,Extinta
823,UNIVERSIDADE CEUMA,UNICEUMA,Privada,N,N,N,Universidade,000000002111300,São Luís,MA,Ativa
1716,Centro Universitário União das Américas Descomplica,UNIAMÉRICA,Privada,S,N,N,Centro Universitário,000000004108304,Foz do Iguaçu,PR,Ativa
5633,FACULDADE DE TECNOLOGIA DE BRAGANÇA PAULISTA,null,Pública,N,N,N,Faculdade,000000003507605,Bragança Paulista,SP,Ativa
4533,FACULDADE SÃO FRANCISCO DA PARAÍBA,FASP,Privada,N,N,N,Faculdade,000000002503704,Cajazeiras,PB,Ativa
23713,Faculdade de Educação Tecnológica Barra Mansa,FAETERJ B.MANSA,Pública,N,N,N,Faculdade,000000003300407,Barra Mansa,RJ,Ativa
1249,FACULDADE DE EDUCAÇÃO DE COSTA RICA,FECRA,Privada,N,N,N,Faculdade,000000005003256,Costa Rica,MS,Ativa
2085,CENTRO UNIVERSITÁRIO DE SALVADOR,UNICEUSA,Privada,N,N,N,Centro Universitário,000000002927408,Salvador,BA,Ativa
22443,Faculdade Alfredo Nasser de Casa Nova,FAN,Privada,N,N,N,Faculdade,000000002907202,Casa Nova,BA,Ativa
4532,FACULDADE DE TECNOLOGIA SENAI CAMPO GRANDE,null,Privada,N,N,N,Faculdade,000000005002704,Campo Grande,MS,Ativa
22310,Faculdade Santo Antônio de Feira de Santana,FSAF,Privada,N,N,N,Faculdade,000000002910800,Feira de Santana,BA,Ativa
43,FUNDAÇÃO UNIVERSIDADE DO ESTADO DE SANTA CATARINA,UDESC,Pública,N,N,N,Universidade,000000004205407,Florianópolis,SC,Ativa
2102,FACULDADE DE AURIFLAMA,FAU,Privada,N,N,N,Faculdade,000000003504206,Auriflama,SP,Extinta
25444,SISTEMAS DE ENSINO EM CIÊNCIAS E TECNOLOGIAS,SECTRAS,Privada,N,N,N,Faculdade,000000002507507,João Pessoa,PB,Ativa
3961,FACULDADE DE TECNOLOGIA SANTA RITA DE CÁSSIA,FATEC  SANTA RITA,Privada,N,N,N,Faculdade,000000003550308,São Paulo,SP,Extinta
18620,FACULDADE DA CONSTRUÇÃO E DO TRABALHO,FACT,Privada,N,N,N,Faculdade,000000003550308,São Paulo,SP,Ativa
1128,UNIVERSIDADE DE ITAÚNA,UI,Privada,N,N,N,Universidade,000000003133808,Itaúna,MG,Ativa
22866,Faculdade Associada Brasil - EAD,,Privada,N,N,N,Faculdade,000000003550308,São Paulo,SP,Ativa
20682,Faculdade IDOR de Ciências Médicas,Faculdade IDOR,Privada,N,N,N,Faculdade,000000003304557,Rio de Janeiro,RJ,Ativa
11586,FACULDADES NETWORK - CAMPUS SUMARÉ,null,Privada,N,N,N,Faculdade,000000003552403,Sumaré,SP,Ativa
1441,FACULDADE DE TECNOLOGIA DO PIAUÍ,FATEPI,Privada,N,N,N,Faculdade,000000002211001,Teresina,PI,Ativa
24072,FACULDADE MOGIANA,FAMOGI,Privada,N,N,N,Faculdade,000000003530805,Moji Mirim,SP,Ativa
1633,CENTRO FEDERAL DE EDUCAÇÃO TECNOLÓGICA DE CUIABÁ,null,Pública,N,N,N,"Instituto Federal de Educação, Ciência e Tecnologia",000000005103403,Cuiabá,MT,Extinta
22862,FranklinCovey Business School,FCBS,Privada,N,N,N,Faculdade,000000003550308,São Paulo,SP,Ativa
833,FACULDADES INTEGRADAS DE ARIQUEMES,NOVA FIAR,Privada,N,N,N,Faculdade,000000001100023,Ariquemes,RO,Extinta
22195,Instituto Serra Dourada,,Privada,N,N,N,Faculdade,000000001500602,Altamira,PA,Ativa
18616,FACULDADE ÁGORA - FAG,FAG,Privada,N,N,N,Faculdade,000000005102637,Campo Novo do Parecis,MT,Ativa
1417,FACULDADE CNEC CAMPO LARGO,null,Privada,S,N,N,Faculdade,000000004104204,Campo Largo,PR,Ativa
830,UNIVERSIDADE FEDERAL DO AMAPÁ,UNIFAP,Pública,N,N,N,Universidade,000000001600303,Macapá,AP,Ativa
14206,Faculdade Presidente Antônio Carlos de Elói Mendes,null,Privada,N,N,N,Faculdade,000000003123601,Elói Mendes,MG,Extinta
605,UNIVERSIDADE MUNICIPAL DE SÃO CAETANO DO SUL,USCS,Pública,N,N,N,Universidade,000000003548807,São Caetano do Sul,SP,Ativa
14403,CENTRO UNIVERSITÁRIO DO PARANÁ,UNIPA,Privada,N,N,N,Centro Universitário,000000004106902,Curitiba,PR,Ativa
3443,Centro Universitário CESUCA,null,Privada,N,N,N,Centro Universitário,000000004303103,Cachoeirinha,RS,Ativa
17953,Faculdade de Tecnologia de Pompeia - Shunji Nishimura,FATEC Pompeia,Pública,N,N,N,Faculdade,000000003540002,Pompéia,SP,Ativa
21355,Faculdades de Inovação e Tecnologia de Minas Gerais,FIT MG,Privada,N,N,N,Faculdade,000000003147907,Passos,MG,Ativa
24366,FACULDADE MARECHAL RONDON DE BAURU,FMR-BAURU,Privada,N,N,N,Faculdade,000000003506003,Bauru,SP,Ativa
2722,FACULDADE CATÓLICA DO CEARÁ,FCC,Privada,N,N,N,Faculdade,000000002304400,Fortaleza,CE,Extinta
17758,Faculdades FAMEP Unidade Euclides da Cunha - BA,FAMEP,Privada,N,N,N,Faculdade,000000002910701,Euclides da Cunha,BA,Ativa
1907,FACULDADE EDUCACIONAL DE COLOMBO,FAEC,Privada,N,N,N,Faculdade,000000004105805,Colombo,PR,Ativa
17902,FACULDADE ESAMC JUNDIAÍ,ESAMC,Privada,N,N,N,Faculdade,000000003525904,Jundiaí,SP,Ativa
3741,Faculdade Pitágoras Bacabal Mearim,null,Privada,N,N,N,Faculdade,000000002101202,Bacabal,MA,Ativa
1324,FACULDADE DE INFORMÁTICA LEMOS DE CASTRO,FILC,Privada,N,N,N,Faculdade,000000003304557,Rio de Janeiro,RJ,Extinta
206,CENTRO UNIVERSITÁRIO ÍTALO-BRASILEIRO,UNIÍTALO,Privada,N,N,N,Centro Universitário,000000003550308,São Paulo,SP,Ativa
1313,FACULDADE DE SUZANO,UNISUZ,Privada,N,N,N,Faculdade,000000003552502,Suzano,SP,Ativa
759,FACULDADE DE CIÊNCIAS MÉDICAS E PARAMÉDICAS FLUMINENSE,SEFLU,Privada,N,N,N,Faculdade,000000003303203,Nilópolis,RJ,Extinta
1777,CENTRO UNIVERSITÁRIO LEONARDO DA VINCI,UNIVINCI,Privada,N,N,N,Centro Universitário,000000004206504,Guaramirim,SC,Ativa
20574,Faculdade Anhanguera de Nova Iguaçu,,Privada,N,N,N,Faculdade,000000003303500,Nova Iguaçu,RJ,Extinta
18643,FACULDADE UNINASSAU MARACANAÚ,null,Privada,N,N,N,Faculdade,000000002307650,Maracanaú,CE,Ativa
19863,Faculdade de Tecnologia de Assis,FATEC Assis,Pública,N,N,N,Faculdade,000000003504008,Assis,SP,Ativa
3743,FACULDADE DE JACAREÍ,null,Privada,N,N,N,Faculdade,000000003524402,Jacareí,SP,Ativa
19343,FACULDADE MAURÍCIO DE NASSAU DE ITABUNA,FMN DE ITABUNA,Privada,N,N,N,Faculdade,000000002914802,Itabuna,BA,Extinta
1019,FACULDADE DE CIÊNCIAS E TECNOLOGIA DE UNAÍ - FACTU,FACTU,Privada,N,N,N,Faculdade,000000003170404,Unaí,MG,Ativa
767,INSTITUTO SUPERIOR DE INFORMÁTICA,ISI,Privada,N,N,N,Faculdade,000000003304557,Rio de Janeiro,RJ,Extinta
4964,Centro Universitário de Ciências e Tecnologia do Maranhão,UniFacema,Privada,N,N,N,Centro Universitário,000000002103000,Caxias,MA,Ativa
11895,FACULDADE UNIBRASÍLIA,BRASÍLIA,Privada,N,N,N,Faculdade,000000005300108,Brasília,DF,Ativa
2384,FACULDADE INTEGRADA DO BRASIL,FAIBRA,Privada,N,N,N,Faculdade,000000002211001,Teresina,PI,Extinta
13805,FACULDADE ADVENTISTA DA AMAZÔNIA,FAAMA,Privada,N,N,N,Faculdade,000000001501501,Benevides,PA,Ativa
16559,FACULDADE SÃO FRANCISCO DO CEARÁ,FASC,Privada,N,N,N,Faculdade,000000002305506,Iguatu,CE,Ativa
20219,FACULDADE TIRADENTES DE FEIRA DE SANTANA,FITS,Privada,N,N,N,Faculdade,000000002910800,Feira de Santana,BA,Extinta
17277,Faculdade  SENAC Criciúma,Senac Criciúma,Privada,N,N,N,Faculdade,000000004204608,Criciúma,SC,Ativa
480,CENTRO UNIVERSITÁRIO SERRA DOS ÓRGÃOS,UNIFESO,Privada,N,N,N,Centro Universitário,000000003305802,Teresópolis,RJ,Ativa
19866,Faculdade EduCareMT,EDUCARE,Privada,N,N,N,Faculdade,000000005103403,Cuiabá,MT,Ativa
1245,Faculdade de Castelo - Multivix Castelo,Multivix Castelo,Privada,N,N,N,Faculdade,000000003201407,Castelo,ES,Ativa
19952,FACULDADE DE GESTAO E NEGOCIOS DE CACHOEIRINHA,FGN CACHOEIRINH,Privada,N,N,N,Faculdade,000000004303103,Cachoeirinha,RS,Ativa
20342,Fundação Oswaldo Cruz,Fiocruz,Pública,N,N,N,Escola de Governo,000000003304557,Rio de Janeiro,RJ,Ativa
634,UNIVERSIDADE FEDERAL DE PELOTAS,UFPEL,Pública,N,N,N,Universidade,000000004314407,Pelotas,RS,Ativa
2779,FACULDADE DE INFORMÁTICA DE OURO PRETO DO OESTE,FIOURO,Privada,N,N,N,Faculdade,000000001100155,Ouro Preto do Oeste,RO,Ativa
2832,Faculdade Sucesso,FAS,Privada,N,N,N,Faculdade,000000002200202,Água Branca,PI,Ativa
4064,FACULDADE DE TECNOLOGIA FAMA,FAMA,Privada,N,N,N,Faculdade,000000002611606,Recife,PE,Extinta
217,CENTRO UNIVERSITÁRIO DAS FACULDADES ASSOCIADAS DE ENSINO - FAE,UNIFAE,Pública,N,N,N,Centro Universitário,000000003549102,São João da Boa Vista,SP,Ativa
1488,FACULDADE LUSÓFONA DO RIO DE JANEIRO,FL-RJ,Privada,N,N,N,Faculdade,000000003304904,São Gonçalo,RJ,Ativa
3847,FACULDADE BAIANA DE DIREITO E GESTÃO,null,Privada,N,N,N,Faculdade,000000002927408,Salvador,BA,Ativa
4771,FACULDADE BI CAMPINAS,null,Privada,N,N,N,Faculdade,000000003509502,Campinas,SP,Extinta
1862,FACULDADE DA REGIÃO SERRANA,FARESE,Privada,N,N,N,Faculdade,000000003204559,Santa Maria de Jetibá,ES,Ativa
2658,FACULDADE AMEC TRABUCO,AMEC,Privada,N,N,N,Faculdade,000000002927408,Salvador,BA,Extinta
13845,Escola DIEESE de Ciências do Trabalho,DIEESE,Privada,N,N,N,Faculdade,000000003550308,São Paulo,SP,Ativa
3769,FACULDADE MADRE TEREZA,FAMAT,Privada,N,N,N,Faculdade,000000001600600,Santana,AP,Ativa
21261,Faculdade CEDIN,CEDIN,Privada,N,N,N,Faculdade,000000003106200,Belo Horizonte,MG,Ativa
1477,FACULDADE ERICH FROMM,FACEF,Privada,N,N,N,Faculdade,000000005300108,Brasília,DF,Ativa
22199,INSTITUTO DE EDUCAÇÃO SUPERIOR SANTO AGOSTINHO,IESA,Privada,N,N,N,Faculdade,000000002914802,Itabuna,BA,Extinta
1160,Centro Universitário Cambury,UniCambury,Privada,N,N,N,Centro Universitário,000000005208707,Goiânia,GO,Ativa
3156,FACULDADE DE TECNOLOGIA SENAI BRUSQUE,SENAI/SC BRUSQUE,Privada,N,N,N,Faculdade,000000004202909,Brusque,SC,Extinta
18276,FACULDADE CRIATIVO DE CIÊNCIAS APLICADAS,FACTIVO,Privada,N,N,N,Faculdade,000000002604106,Caruaru,PE,Extinta
23096,FACULDADE SANTO ANTÔNIO - SJC,FSA,Privada,N,N,N,Faculdade,000000003549904,São José dos Campos,SP,Ativa
4219,INSTITUTO SUPERIOR DE EDUCAÇÃO PROFESSORA NAIR FORTES ABU-MERHY,ISEFOR,Privada,N,N,N,Faculdade,000000003101508,Além Paraíba,MG,Ativa
330,UNIVERSIDADE IGUAÇU,UNIG,Privada,N,N,N,Universidade,000000003303500,Nova Iguaçu,RJ,Ativa
21999,Faculdade Prime,Faprime,Privada,N,N,N,Faculdade,000000005002704,Campo Grande,MS,Ativa
21951,FACULDADE POSITIVO JOINVILLE,,Privada,N,N,N,Faculdade,000000004209102,Joinville,SC,Extinta
4004,FACULDADE CENECISTA DE ITUBERÁ,CNECBA,Privada,N,N,N,Faculdade,000000002917300,Ituberá,BA,Extinta
1752,FACULDADE AUTÔNOMA DE DIREITO,FADISP,Privada,N,N,N,Faculdade,000000003550308,São Paulo,SP,Ativa
19565,Faculdade Tecnológica de Pernambuco,FATEPE,Privada,N,N,N,Faculdade,000000002609600,Olinda,PE,Ativa
21873,Faculdade Tecnológica Falcão,FTF,Privada,N,N,N,Faculdade,000000005208707,Goiânia,GO,Ativa
3389,FACULDADE EVANGÉLICA RAÍZES,RAÍZES,Privada,N,N,N,Faculdade,000000005201108,Anápolis,GO,Ativa
22171,FACULDADE REGIONAL DE MINAS GERAIS,FACMINAS,Privada,N,N,N,Faculdade,000000003106606,Bertópolis,MG,Ativa
14151,Faculdade Presidente Antônio Carlos de Nova Lima,null,Privada,N,N,N,Faculdade,000000003144805,Nova Lima,MG,Ativa
2303,FACULDADE CIMO,FAC,Privada,N,N,N,Faculdade,000000003106200,Belo Horizonte,MG,Extinta
20530,Faculdade Marquês de Olinda,FMO,Privada,N,N,N,Faculdade,000000003518701,Guarujá,SP,Ativa
21590,FACULDADE MAURÍCIO DE NASSAU DE LONDRINA,FMN LONDRINA,Privada,N,N,N,Faculdade,000000004113700,Londrina,PR,Extinta
3536,FACULDADE DE TEOLOGIA EVANGÉLICA EM CURITIBA - FATEV,FATEV,Privada,N,N,N,Faculdade,000000004106902,Curitiba,PR,Ativa
1034,UNIÃO DE ESCOLAS SUPERIORES DA FUNESO,UNESF,Privada,N,N,N,Faculdade,000000002609600,Olinda,PE,Extinta
13796,FACULDADE DE PORTO FELIZ,,Privada,N,N,N,Faculdade,000000003540606,Porto Feliz,SP,Ativa
2389,FACULDADE DE FILOSOFIA E TEOLOGIA PAULO VI,FFTP,Privada,N,N,N,Faculdade,000000003530607,Mogi das Cruzes,SP,Ativa
22321,INSTITUTO SANTO AGOSTINHO DE ENSINO SUPERIOR - ISA,,Privada,N,N,N,Faculdade,000000003106200,Belo Horizonte,MG,Extinta
1804,FACULDADE DE MAUÁ - FAMA,FAMA,Privada,N,N,N,Faculdade,000000003529401,Mauá,SP,Ativa
359,ESCOLA SUPERIOR DE EDUCAÇÃO FÍSICA DE MUZAMBINHO,ESEFM,Privada,N,N,N,Faculdade,000000003144102,Muzambinho,MG,Extinta
22455,FGW - Faculdade de Gestão WOLI,WOLI,Privada,N,N,N,Faculdade,000000003104007,Araxá,MG,Ativa
1364,CENTRO UNIVERSIÁRIO UNIFTC,null,Privada,N,N,N,Centro Universitário,000000002933307,Vitória da Conquista,BA,Ativa
1896,FACULDADE DE TURISMO DE NOVA ANDRADINA,FATUR,Privada,N,N,N,Faculdade,000000005006200,Nova Andradina,MS,Extinta
1337,CENTRO UNIVERSITÁRIO MATER DEI,null,Privada,N,N,N,Centro Universitário,000000004118501,Pato Branco,PR,Ativa
20099,"Faculdade de Direito, Ciências e Tecnologia Santa Maria Mada",FADICT,Privada,N,N,N,Faculdade,000000002704302,Maceió,AL,Ativa
23181,FACULDADE INTERCONTINENTAL,FAICON,Privada,N,N,N,Faculdade,000000003557006,Votorantim,SP,Ativa
11604,FACULDADE SANTA RITA DE CHAPECÓ,null,Privada,N,N,N,Faculdade,000000004204202,Chapecó,SC,Ativa
12661,FACULDADE DE TECNOLOGIA SAINT PAUL,null,Privada,N,N,N,Faculdade,000000003550308,São Paulo,SP,Ativa
4395,FACULDADE DE DIREITO DE ARAGUAÍNA,ITPAC,Privada,N,N,N,Faculdade,000000001702109,Araguaína,TO,Extinta
1016,FACULDADE DE CIÊNCIAS HUMANAS DO VALE DO PIRANGA,FAVAP,Privada,N,N,N,Faculdade,000000003152105,Ponte Nova,MG,Extinta
2602,INSTITUTO SUPERIOR DE EDUCAÇÃO BALÃO VERMELHO,ISEBV,Privada,N,N,N,Faculdade,000000003106200,Belo Horizonte,MG,Extinta
21826,Faculdade Sebrae,null,Privada,N,N,N,Faculdade,000000003550308,São Paulo,SP,Ativa
17590,Faculdade ISAE BRASIL,ISAE,Privada,N,N,N,Faculdade,000000004106902,Curitiba,PR,Ativa
18135,Faculdade Estácio de Pernambuco - Estácio PERNAMBUCO,,Privada,N,N,N,Faculdade,000000002611606,Recife,PE,Extinta
12923,FACULDADE DE TECNOLOGIA IPANEMA,,Privada,N,N,N,Faculdade,000000003552205,Sorocaba,SP,Ativa
1786,INSTITUTO MACHADENSE DE ENSINO SUPERIOR,IMES,Privada,N,N,N,Faculdade,000000003139003,Machado,MG,Ativa
373,ESCOLA DE SOCIOLOGIA E POLÍTICA DE SÃO PAULO,ESP,Privada,N,N,N,Faculdade,000000003550308,São Paulo,SP,Ativa
1931,INSTITUTO DE ENSINO SUPERIOR FRANCISCANO,IESF,Privada,N,N,N,Faculdade,000000002107506,Paço do Lumiar,MA,Ativa
4252,FACULDADE DE TECNOLOGIA EXPOENTE,FATEC-EXPOENTE,Privada,N,N,N,Faculdade,000000003549904,São José dos Campos,SP,Extinta
3182,Faculdade UNIRB - ARAPIRACA,F. UNIRB,Privada,N,N,N,Faculdade,000000002700300,Arapiraca,AL,Ativa
734,FACULDADES INTEGRADAS MARIA IMACULADA,FIMI,Privada,N,N,N,Faculdade,000000003530706,Mogi Guaçu,SP,Ativa
25806,FACULDADE ANCLIVEPA DE NATAL,,Privada,N,N,N,Faculdade,000000002408102,Natal,RN,Ativa
3568,FACULDADE DE DESENVOLVIMENTO E INTEGRAÇÃO REGIONAL,FADIRE,Privada,N,N,N,Faculdade,000000002612505,Santa Cruz do Capibaribe,PE,Extinta
1974,INSTITUTO SUPERIOR DE EDUCAÇÃO DE CAXIAS,ISEC,Privada,N,N,N,Faculdade,000000002103000,Caxias,MA,Ativa
197,FACULDADE DE EDUCAÇÃO SUPERIOR DO PARANÁ,FESPPR,Privada,N,N,N,Faculdade,000000004106902,Curitiba,PR,Ativa
2022,FACULDADE DE ROLIM DE MOURA,FAROL,Privada,N,N,N,Faculdade,000000001100288,Rolim de Moura,RO,Ativa
265,CENTRO UNIVERSITÁRIO DAS FACULDADES INTEGRADAS DE OURINHOS,Unifio,Privada,N,N,N,Centro Universitário,000000003534708,Ourinhos,SP,Ativa
22659,Faculdade SEB de Ribeirão Preto,SEBRP,Privada,N,N,N,Faculdade,000000003543402,Ribeirão Preto,SP,Ativa
3502,FACULDADE DA FRONTEIRA - FAF,FAF,Pública,N,N,N,Faculdade,000000004102604,Barracão,PR,Extinta
586,UNIVERSIDADE FEDERAL DO RIO DE JANEIRO,UFRJ,Pública,N,N,N,Universidade,000000003304557,Rio de Janeiro,RJ,Ativa
24376,Faculdade de Tecnologia e Ciências - FTC Teixeira de Freitas,FTC,Privada,N,N,N,Faculdade,000000002931350,Teixeira de Freitas,BA,Ativa
1876,FACULDADE MUNICIPAL PROFESSOR FRANCO MONTORO DE MOGI GUAÇU,FMPFM,Pública,N,N,N,Faculdade,000000003530706,Mogi Guaçu,SP,Ativa
27,Centro Universitário Vale do Rio Verde,null,Privada,N,N,N,Centro Universitário,000000003169307,Três Corações,MG,Ativa
1325,FACULDADE DE APUCARANA,FAP,Privada,N,N,N,Faculdade,000000004101408,Apucarana,PR,Ativa
10950,FACULDADE MARECHAL CÂNDIDO RONDON,FAMAR,Privada,N,N,N,Faculdade,000000001100122,Ji-Paraná,RO,Extinta
3190,INSTITUTO SUPERIOR DE EDUCAÇÃO DE GARÇA,ISEG,Privada,N,N,N,Faculdade,000000003516705,Garça,SP,Extinta
2499,FASS - FACULDADE SOCIAL SUL AMERICANA,null,Privada,N,N,N,Faculdade,000000002919207,Lauro de Freitas,BA,Extinta
522,CENTRO UNIVERSITÁRIO CELSO LISBOA,UCL,Privada,N,N,N,Centro Universitário,000000003304557,Rio de Janeiro,RJ,Ativa
22178,Faculdade Pitagoras Anhanguera de Três Lagoas,,Privada,N,N,N,Faculdade,000000005008305,Três Lagoas,MS,Ativa
21492,INSTITUTO DE PÓS-GRADUAÇÃO E ATUALIZAÇÃO EM ODONTOLOGIA,IPENO,Privada,N,N,N,Instituição Especialmente Credenciada para oferta de cursos lato sensu,000000004205407,Florianópolis,SC,Ativa
1893,Faculdade Unirb - Feira de Santana,F. UNIRB,Privada,N,N,N,Faculdade,000000002910800,Feira de Santana,BA,Ativa
3779,FACULDADE ESTÁCIO DE SANTO ANDRÉ,ESTÁCIO SANTO ANDRÉ,Privada,N,N,N,Faculdade,000000003547809,Santo André,SP,Ativa
15793,Faculdade de Tecnologia de São Sebastião,Fatec SS,Pública,N,N,N,Faculdade,000000003550704,São Sebastião,SP,Ativa
5360,FACULDADE PADRE ANCHIETA DE VÁRZEA PAULISTA,ANCHIETA,Privada,N,N,N,Faculdade,000000003556503,Várzea Paulista,SP,Extinta
67,ESCOLA DE ENGENHARIA DE PIRACICABA,EEP/FUMEP,Pública,N,N,N,Faculdade,000000003538709,Piracicaba,SP,Ativa
12899,FACULDADE IBRA DE MINAS GERAIS,FACULDADE FIBMG,Privada,N,N,N,Faculdade,000000003131307,Ipatinga,MG,Ativa
22194,FACULDADE ATENAS SETE LAGOAS,,Privada,N,N,N,Faculdade,000000003167202,Sete Lagoas,MG,Ativa
13666,FACULDADE DE DIREITO DE CONTAGEM,FDCON,Privada,N,N,N,Faculdade,000000003118601,Contagem,MG,Ativa
2917,FACULDADE BRASIL NORTE,FABRAN,Privada,N,N,N,Faculdade,000000001600303,Macapá,AP,Ativa
2513,Faculdade Positivo Londrina,FPL,Privada,N,N,N,Faculdade,000000004113700,Londrina,PR,Ativa
2811,FACULDADE PAULUS DE TECNOLOGIA E COMUNICAÇÃO,FAPCOM,Privada,N,N,N,Faculdade,000000003550308,São Paulo,SP,Ativa
3869,INSTITUTO FLORENCE DE ENSINO SUPERIOR,IFES,Privada,N,N,N,Faculdade,000000002111300,São Luís,MA,Ativa
384,Universidade Evangélica de Goiás,UniEVANGÉLICA,Privada,N,N,N,Universidade,000000005201108,Anápolis,GO,Ativa
24,UNIVERSIDADE ESTADUAL DE SANTA CRUZ,UESC,Pública,N,N,N,Universidade,000000002913606,Ilhéus,BA,Ativa
19853,Faculdade Dom Bosco Paraná,Dom Bosco Paraná,Privada,N,N,N,Faculdade,000000004113700,Londrina,PR,Ativa
2442,FACULDADE DE CIÊNCIAS BIOMÉDICAS DO ESPÍRITO SANTO,PIO XII - BIO,Privada,N,N,N,Faculdade,000000003201308,Cariacica,ES,Ativa
742,FACULDADE DE ARQUITETURA E URBANISMO DE PERNAMBUCO,FAUPE,Privada,N,N,N,Faculdade,000000002611606,Recife,PE,Extinta
517,FACULDADE DE EDUCAÇÃO SÃO LUÍS,FESL,Privada,N,N,N,Faculdade,000000003524303,Jaboticabal,SP,Ativa
14129,Faculdade Presidente Antônio Carlos de Curvelo,FUNEES Curvelo,Privada,N,N,N,Faculdade,000000003120904,Curvelo,MG,Extinta
862,FACULDADE ESTÁCIO DE SÁ DE CAMPO GRANDE,FESCG,Privada,N,N,N,Faculdade,000000005002704,Campo Grande,MS,Ativa
3790,FACULDADE DE TECNOLOGIA ENSITEC,ENSITEC,Privada,N,N,N,Faculdade,000000004106902,Curitiba,PR,Extinta
710,FACULDADE BÉTHENCOURT DA SILVA,FABES,Privada,N,N,N,Faculdade,000000003304557,Rio de Janeiro,RJ,Extinta
1468,FACULDADE ESAMC UBERLÂNDIA,ESAMC,Privada,N,N,N,Faculdade,000000003170206,Uberlândia,MG,Ativa
2240,FACULDADE DE FORTALEZA,FAFOR,Privada,N,N,N,Faculdade,000000002304400,Fortaleza,CE,Ativa
1544,FACULDADE DECISÃO,FADEC,Privada,N,N,N,Faculdade,000000004205407,Florianópolis,SC,Extinta
2202,INSTITUTO SUPERIOR DE EDUCAÇÃO DE GUARATUBA,ISEPE Guaratuba,Privada,N,N,N,Faculdade,000000004109609,Guaratuba,PR,Ativa
21616,FACULDADE ATUALIZA,ATUALIZA,Privada,N,N,N,Faculdade,000000002927408,Salvador,BA,Ativa
4702,CENTRO UNIVERSITÁRIO BRASILEIRO,UNIBRA,Privada,N,N,N,Centro Universitário,000000002611606,Recife,PE,Ativa
13775,FACULDADE DE TECNOLOGIA IBRATE,FAITEC,Privada,N,N,N,Faculdade,000000004106902,Curitiba,PR,Ativa
13889,FACULDADE ITAPURANGA,null,Privada,N,N,N,Faculdade,000000005211206,Itapuranga,GO,Ativa
4606,FACULDADE DE TECNOLOGIA CONTEC - UNIDADE DE CARAPINA,CONTEC,Privada,N,N,N,Faculdade,000000003205002,Serra,ES,Extinta
410,FACULDADE DE CIÊNCIAS HUMANAS ESUDA,FCHE,Privada,N,N,N,Faculdade,000000002611606,Recife,PE,Ativa
2151,INSTITUTO SUPERIOR DE EDUCAÇÃO BERLAAR,IBERLAAR,Privada,N,N,N,Faculdade,000000003148103,Patrocínio,MG,Extinta
2313,FACULDADE DE TEOLOGIA DE BOA VISTA,FATEBOV,Privada,N,N,N,Faculdade,000000001400100,Boa Vista,RR,Extinta
22316,FACULDADE NOVE DE JULHO MAUÁ,NOVE_MAUÁ,Privada,N,N,N,Faculdade,000000003529401,Mauá,SP,Ativa
4518,FACULDADE REGIONAL PALMITOS,FAP,Privada,N,N,N,Faculdade,000000004212106,Palmitos,SC,Ativa
2322,FACULDADE ATENEU,FATE,Privada,N,N,N,Faculdade,000000003205200,Vila Velha,ES,Extinta
22736,Faculdade UNISUL de Itajaí,null,Privada,N,N,N,Faculdade,000000004208203,Itajaí,SC,Ativa
3209,FACULDADE DE ARAÇATUBA,,Privada,N,N,N,Faculdade,000000003502804,Araçatuba,SP,Extinta
513,UNIVERSIDADE VALE DO RIO DOCE,UNIVALE,Privada,N,N,N,Universidade,000000003127701,Governador Valadares,MG,Ativa
1422,CENTRO UNIVERSITÁRIO DO NORTE,UNINORTE,Privada,N,N,N,Centro Universitário,000000001302603,Manaus,AM,Ativa
6,UNIVERSIDADE FEDERAL DE OURO PRETO,UFOP,Pública,N,N,N,Universidade,000000003146107,Ouro Preto,MG,Ativa
24217,FACULDADE BRASILEIRA DE NEGÓCIOS INOVADORES,FABRANI,Privada,N,N,N,Faculdade,000000003524303,Jaboticabal,SP,Ativa
1115,FACULDADE SANTA TEREZINHA,CEST,Privada,N,N,N,Faculdade,000000002111300,São Luís,MA,Ativa
22086,Faculdade de Educação Social da Bahia,FAESB,Privada,N,N,N,Faculdade,000000002932903,Valença,BA,Ativa
13677,FACULDADE DE TECNOLOGIA SENAI CIC,null,Privada,N,N,N,Faculdade,000000004106902,Curitiba,PR,Ativa
25445,Escola Superior do Ar,EAR,Privada,N,N,N,Faculdade,000000003518800,Guarulhos,SP,Ativa
24404,FACULDADE ATENAS CENTRO DE MINAS,,Privada,N,N,N,Faculdade,000000003167202,Sete Lagoas,MG,Ativa
23201,Instituto de Educação Superior UNISUL de Itajaí,,Privada,N,N,N,Faculdade,000000004208203,Itajaí,SC,Ativa
2465,FACULDADE IBMEC SÃO PAULO,IBMEC SP,Privada,N,N,N,Faculdade,000000003550308,São Paulo,SP,Ativa
3815,FACULDADE DE DIREITO DE ALTA FLORESTA,null,Privada,N,N,N,Faculdade,000000005100250,Alta Floresta,MT,Ativa
1122,FACULDADE REGES DE OSVALDO CRUZ,null,Privada,N,N,N,Faculdade,000000003534609,Osvaldo Cruz,SP,Ativa
21939,FACULDADE METROPOLITANA DE NOVO HAMBURGO,FAMENOVO,Privada,N,N,N,Faculdade,000000004313409,Novo Hamburgo,RS,Extinta
608,"ESCOLA SUPERIOR DE CRUZEIRO ""PREFEITO HAMILTON VIEIRA MENDES""",ESEFIC,Pública,N,N,N,Faculdade,000000003513405,Cruzeiro,SP,Ativa
14247,Faculdade Presidente Antônio Carlos de Tupaciguara,,Privada,N,N,N,Faculdade,000000003169604,Tupaciguara,MG,Extinta
4201,FACULDADES INTEGRADAS DO BRASIL UNIFUTURO,Faculdade Unifuturo,Privada,N,N,N,Faculdade,000000002507507,João Pessoa,PB,Ativa
3876,Faculdade Unyleya,null,Privada,N,N,N,Faculdade,000000003304557,Rio de Janeiro,RJ,Ativa
940,Faculdades Magsul,FAMAG,Privada,N,N,N,Faculdade,000000005006606,Ponta Porã,MS,Ativa
3394,FACULDADE VALE DO IPIRANGA,FAVAPI,Privada,N,N,N,Faculdade,000000003150802,Piranga,MG,Extinta
14170,Faculade Presidente Antônio Carlos de Nepomuceno,FUNEES Nepomuceno,Privada,N,N,N,Faculdade,000000003144607,Nepomuceno,MG,Extinta
21095,Academia Militar das Agulhas Negras,AMAN,Pública,N,N,N,Centro Universitário,000000003304201,Resende,RJ,Ativa
939,FACULDADE CATÓLICA DE ANÁPOLIS,CATÓLICA DE ANÁPOLIS,Privada,N,N,N,Faculdade,000000005201108,Anápolis,GO,Ativa
670,UNIVERSIDADE SÃO FRANCISCO,USF,Privada,S,S,N,Universidade,000000003507605,Bragança Paulista,SP,Ativa
3523,FACULDADE DE DIREITO DA FUNDAÇÃO ESCOLA SUPERIOR DO MINISTÉRIO PÚBLICO,null,Privada,N,N,N,Faculdade,000000004314902,Porto Alegre,RS,Ativa
59,FACULDADE DE DIREITO DE FRANCA,FDF,Pública,N,N,N,Faculdade,000000003516200,Franca,SP,Ativa
4138,FACULDADE ANHANGUERA DE SANTA BÁRBARA,null,Privada,N,N,N,Faculdade,000000003545803,Santa Bárbara d´Oeste,SP,Ativa
3675,Sinal Faculdade de Ciências Humanas e Sociais,SINAL,Privada,N,N,N,Faculdade,000000001200401,Rio Branco,AC,Ativa
24275,Faculdade Unificada do Estado de São Paulo,FAUESP - online,Privada,N,N,N,Faculdade,000000003529401,Mauá,SP,Ativa
22644,FACULDADE DO CEFI,FACEFI,Privada,N,N,N,Faculdade,000000004314902,Porto Alegre,RS,Ativa
18059,FACULDADE SANTO ANTONIO DE QUEIMADAS,FSAQ,Privada,N,N,N,Faculdade,000000002925808,Queimadas,BA,Ativa
2530,FACULDADE DE GUARULHOS,FAG,Privada,N,N,N,Faculdade,000000003518800,Guarulhos,SP,Ativa
371,FACULDADE DE MÚSICA CARLOS GOMES,FMCG,Privada,N,N,N,Faculdade,000000003550308,São Paulo,SP,Ativa
1041,UNIVERSIDADE DO VALE DO TAQUARI,UNIVATES,Privada,S,N,N,Universidade,000000004311403,Lajeado,RS,Ativa
2571,CENTRO UNIVERSITÁRIO REDENTOR,FACREDENTOR,Privada,N,N,N,Centro Universitário,000000003302205,Itaperuna,RJ,Ativa
2451,FACULDADES INTEGRADAS IPIRANGA,FAINTIPI,Privada,N,N,N,Faculdade,000000001501402,Belém,PA,Extinta
4059,"FACULDADE DE SAÚDE, CIÊNCIAS E TECNOLOGIA - FACESB",FACESB,Privada,N,N,N,Faculdade,000000003549409,São Joaquim da Barra,SP,Ativa
2590,FACULDADE DE CIÊNCIA DA COMPUTAÇÃO E INFORMÁTICA SILVA SERPA,FASS,Privada,N,N,N,Faculdade,000000003305208,São Pedro da Aldeia,RJ,Extinta
17438,Faculdade Católica Cavanis do Sudoeste do Pará,FCCSPA,Privada,N,N,N,Faculdade,000000001505031,Novo Progresso,PA,Ativa
14509,"INSTITUTO FEDERAL DE EDUCAÇÃO, CIÊNCIA E TECNOLOGIA BAIANO",IFBAIANO,Pública,N,N,N,"Instituto Federal de Educação, Ciência e Tecnologia",000000002927408,Salvador,BA,Ativa
15357,Faculdade Presidente Antônio Carlos de Ubá,,Privada,N,N,N,Faculdade,000000003169901,Ubá,MG,Ativa
19173,FACULDADES INTEGRADAS DO CEARÁ - UniFIC,FACULDADE UniFIC,Privada,N,N,N,Faculdade,000000002305506,Iguatu,CE,Ativa
17291,FACULDADE FAPAF,FAPAF,Pública,N,N,N,Faculdade,000000001717503,Pium,TO,Ativa
25377,FACULDADE INPRO,FACINPRO,Privada,N,N,N,Faculdade,000000005208707,Goiânia,GO,Ativa
3400,FACULDADE DE PENÁPOLIS,null,Privada,N,N,N,Faculdade,000000003537305,Penápolis,SP,Ativa
2843,FACULDADE DE CIÊNCIAS MÉDICAS E DA SAÚDE DE JUIZ DE FORA,FCMS/JF,Privada,N,N,N,Faculdade,000000003136702,Juiz de Fora,MG,Ativa
17161,"Centro de Formação, Treinamento e Aperfeiçoamento",Cefor,Pública,N,N,N,Escola de Governo,000000005300108,Brasília,DF,Ativa
14132,Faculdade Presidente Antônio Carlos de Itanhandu,FAPACI,Privada,N,N,N,Faculdade,000000003133105,Itanhandu,MG,Ativa
1189,UNIVERSIDADE DO PLANALTO CATARINENSE,UNIPLAC,Privada,N,N,N,Universidade,000000004209300,Lages,SC,Ativa
1810,"INSTITUTO FEDERAL DE EDUCAÇÃO, CIÊNCIA E TECNOLOGIA DE SÃO PAULO",IFSP,Pública,N,N,N,"Instituto Federal de Educação, Ciência e Tecnologia",000000003550308,São Paulo,SP,Ativa
600,"INSTITUTO FEDERAL DE EDUCAÇÃO, CIÊNCIA E TECNOLOGIA DO MARANHÃO",IFMA,Pública,N,N,N,"Instituto Federal de Educação, Ciência e Tecnologia",000000002111300,São Luís,MA,Ativa
18077,Faculdade Cosmopolita,,Privada,N,N,N,Faculdade,000000001501402,Belém,PA,Ativa
13481,FACULDADES INTEGRADAS RIO BRANCO GRANJA VIANNA,FRB-GV,Privada,N,N,N,Faculdade,000000003513009,Cotia,SP,Ativa
4218,FACULDADE PEDRO LEOPOLDO,FPL,Privada,N,N,N,Faculdade,000000003149309,Pedro Leopoldo,MG,Ativa
1622,FACULDADE ITA EDUCACIONAL PAULISTA,null,Privada,N,N,N,Faculdade,000000003505302,Barra Bonita,SP,Ativa
2950,Centro Universitário FADERGS,FADERGS,Privada,N,N,N,Centro Universitário,000000004314902,Porto Alegre,RS,Ativa
3775,INSTITUTO UVB.BR,IUVB,Privada,N,N,N,Faculdade,000000003550308,São Paulo,SP,Extinta
2285,FACULDADE DE PEDAGOGIA DE DORES DO INDAIÁ,FAPEDI,Privada,N,N,N,Faculdade,000000003123205,Dores do Indaiá,MG,Extinta
23191,Faculdade Central do Recife Centro,FACENTRAL REC,Privada,N,N,N,Faculdade,000000002611606,Recife,PE,Ativa
16894,Faculdade Internacional de São Luís,ISL,Privada,N,N,N,Faculdade,000000002111300,São Luís,MA,Ativa
764,FACULDADE PINHEIRO GUIMARÃES,FAPG,Privada,N,N,N,Faculdade,000000003304557,Rio de Janeiro,RJ,Ativa
14858,FACULDADE DE TECNOLOGIA FRANCISCO MORATO,FFRAMO,Privada,N,N,N,Faculdade,000000003516309,Francisco Morato,SP,Ativa
19277,FACULDADE CAMPOS BELOS,UNICAMPO,Privada,N,N,N,Faculdade,000000004203501,Campo Erê,SC,Ativa
502,CENTRO UNIVERSITÁRIO SÃO JUDAS TADEU,CSJT,Privada,N,N,N,Centro Universitário,000000003548500,Santos,SP,Ativa
2629,AJES - FACULDADE DO VALE DO JURUENA,AJES,Privada,N,N,N,Faculdade,000000005105150,Juína,MT,Ativa
163,UNIVERSIDADE ESTÁCIO DE SÁ,UNESA,Privada,N,N,N,Universidade,000000003304557,Rio de Janeiro,RJ,Ativa
1465,FACULDADE DE RIBEIRÃO PRETO,AFARP,Privada,N,N,N,Faculdade,000000003543402,Ribeirão Preto,SP,Ativa
739,CENTRO UNIVERSITÁRIO SÃO CAMILO - ESPÍRITO SANTO,SÃO CAMILO-ES,Privada,N,N,N,Centro Universitário,000000003201209,Cachoeiro de Itapemirim,ES,Ativa
909,Faculdade Fernanda Bicchieri,null,Privada,N,N,N,Faculdade,000000003300456,Belford Roxo,RJ,Ativa
2949,FACULDADE DO BAIXO PARNAÍBA,FAP,Privada,N,N,N,Faculdade,000000002103208,Chapadinha,MA,Ativa
5511,CENTRO UNIVERSITÁRIO CAMPO REAL,null,Privada,N,N,N,Centro Universitário,000000004109401,Guarapuava,PR,Ativa
1952,CENTRO UNIVERSITÁRIO CATHEDRAL,null,Privada,N,N,N,Centro Universitário,000000005101803,Barra do Garças,MT,Ativa
583,UNIVERSIDADE FEDERAL DO CEARÁ,UFC,Pública,N,N,N,Universidade,000000002304400,Fortaleza,CE,Ativa
199,FACULDADE SÃO LUÍS,FSL,Privada,N,N,N,Faculdade,000000003550308,São Paulo,SP,Extinta
2948,REAL FACULDADE DE BRASÍLIA,FU,Privada,N,N,N,Faculdade,000000005300108,Brasília,DF,Ativa
4605,FACULDADE DE CORNÉLIO PROCÓPIO,null,Privada,N,N,N,Faculdade,000000004106407,Cornélio Procópio,PR,Extinta
2676,FACULDADE LA SALLE,null,Privada,N,S,N,Faculdade,000000001302603,Manaus,AM,Ativa
12338,FACULDADE DE TECNOLOGIA LA SALLE - ESTRELA,FACSALLE,Privada,N,N,N,Faculdade,000000004307807,Estrela,RS,Ativa
146,CENTRO UNIVERSITÁRIO DE RIO PRETO,UNIRP,Privada,N,N,N,Centro Universitário,000000003549805,São José do Rio Preto,SP,Ativa
434,FACULDADE SANTA MARCELINA,FASM,Privada,N,N,N,Faculdade,000000003550308,São Paulo,SP,Ativa
22514,FACULDADE TIRADENTES DE JABOATÃO DOS GUARARAPES,,Privada,N,N,N,Faculdade,000000002607901,Jaboatão dos Guararapes,PE,Ativa
1415,FACULDADE MAGISTER,MAGISTER,Privada,N,N,N,Faculdade,000000003550308,São Paulo,SP,Extinta
3178,INSTITUTO DE EDUCAÇÃO SUPERIOR DE BARUERI,IESB,Privada,N,N,N,Faculdade,000000003505708,Barueri,SP,Extinta
4068,FACULDADE ICESP,ICESP,Privada,N,N,N,Faculdade,000000005300108,Brasília,DF,Ativa
58,FACULDADE DE DIREITO DE SÃO BERNARDO DO CAMPO,FDSBC,Pública,N,N,N,Faculdade,000000003548708,São Bernardo do Campo,SP,Ativa
20090,FACULDADE REDENTOR METROPOLITANA,FACREDENTOR,Privada,N,N,N,Faculdade,000000003304144,Queimados,RJ,Extinta
14969,FACULDADE DE TECNOLOGIA EM SAÚDE,FATESA,Privada,N,N,N,Faculdade,000000003543402,Ribeirão Preto,SP,Ativa
13620,FACULDADE ANHANGUERA DE PORTO ALEGRE,null,Privada,N,N,N,Faculdade,000000004314902,Porto Alegre,RS,Ativa
20476,Faculdade ANCLIVEPA,ANCLIVEPA,Privada,N,N,N,Faculdade,000000003550308,São Paulo,SP,Ativa
14165,FACULDADE TRÊS PONTAS,FATEP,Privada,N,N,N,Faculdade,000000003169406,Três Pontas,MG,Ativa
20666,Faculdade ELO,FAELO,Privada,N,N,N,Faculdade,000000002611606,Recife,PE,Ativa
10323,FACULDADE DE TECNOLOGIA BANDEIRANTES,BANDTEC,Privada,N,N,N,Faculdade,000000003550308,São Paulo,SP,Ativa
890,ESCOLA DE GOVERNO PROFESSOR PAULO NEVES DE CARVALHO,EG,Pública,N,N,N,Faculdade,000000003106200,Belo Horizonte,MG,Ativa
598,UNIVERSIDADE FEDERAL DE ITAJUBÁ - UNIFEI,UNIFEI,Pública,N,N,N,Universidade,000000003132404,Itajubá,MG,Ativa
2656,FACULDADE DE RECIFE,null,Privada,N,N,N,Faculdade,000000002611606,Recife,PE,Extinta
582,UNIVERSIDADE FEDERAL DE SANTA MARIA,UFSM,Pública,N,N,N,Universidade,000000004316907,Santa Maria,RS,Ativa
25665,FACULDADE FRACTAL,FRACTAL,Privada,N,N,N,Faculdade,000000005208707,Goiânia,GO,Ativa
3683,FACULDADE UNILAGOS,UNILAGOS,Privada,N,N,N,Faculdade,000000004114401,Mangueirinha,PR,Extinta
23455,Faculdade Integrada Instituto Souza,FASOUZA,Privada,N,N,N,Faculdade,000000003131307,Ipatinga,MG,Ativa
4118,Centro Universitário Maurício de Nassau Paulista,UNINASSAU PAULISTA,Privada,N,N,N,Centro Universitário,000000002610707,Paulista,PE,Ativa
1864,FACULDADE DA ASSOCIAÇÃO BRASILIENSE DE EDUCAÇÃO,FABE,Privada,N,N,N,Faculdade,000000004311809,Marau,RS,Ativa
19189,FIP - FACULDADE DE IPORÃ PARANÁ,FIP,Privada,N,N,N,Faculdade,000000004110607,Iporã,PR,Ativa
4613,Centro Universitário FAEMA,UNIFAEMA,Privada,N,N,N,Centro Universitário,000000001100023,Ariquemes,RO,Ativa
19862,Faculdade de Tecnologia Jorge Caram Sabbag,FATEC Bebedouro,Pública,N,N,N,Faculdade,000000003506102,Bebedouro,SP,Ativa
1161,INSPER INSTITUTO DE ENSINO E PESQUISA,null,Privada,N,N,N,Faculdade,000000003550308,São Paulo,SP,Ativa
825,FACULDADE PRESBITERIANA GAMMON,FAGAMMON,Privada,N,N,N,Faculdade,000000003138203,Lavras,MG,Ativa
3970,INSTITUTO SUPERIOR DE EDUCAÇÃO DE PARAISÓPOLIS,FEP,Pública,N,N,N,Faculdade,000000003147303,Paraisópolis,MG,Extinta
19352,Faculdade Paulista de Gestão e Saúde,,Privada,N,N,N,Faculdade,000000003550308,São Paulo,SP,Ativa
5303,FACULDADE ANHANGÜERA DE DOURADOS,null,Privada,N,N,N,Faculdade,000000005003702,Dourados,MS,Ativa
3307,FACULDADE DE RIO CLARO,CBTA,Privada,N,N,N,Faculdade,000000003543907,Rio Claro,SP,Ativa
451,CENTRO UNIVERSITÁRIO LUTERANO DE SANTARÉM,CEULS,Privada,N,S,N,Centro Universitário,000000001506807,Santarém,PA,Ativa
2237,FACULDADE TEOLÓGICA BATISTA EQUATORIAL,FATEBE,Privada,N,N,N,Faculdade,000000001501402,Belém,PA,Ativa
21442,Faculdade Mega,MEGA,Privada,N,N,N,Faculdade,000000003106200,Belo Horizonte,MG,Ativa
23383,FACULDADE NACIONAL,FANAC,Privada,N,N,N,Faculdade,000000002611606,Recife,PE,Ativa
150,UNIVERSIDADE DE SOROCABA,UNISO,Privada,S,N,N,Universidade,000000003552205,Sorocaba,SP,Ativa
76,UNIVERSIDADE REGIONAL DE BLUMENAU,FURB,Pública,N,N,N,Universidade,000000004202404,Blumenau,SC,Ativa
22073,FACULDADE MACÊDO DE AMORIM,FAMAM,Privada,N,N,N,Faculdade,000000002616407,Vitória de Santo Antão,PE,Ativa
22263,FACULDADE VANGUARDA,,Privada,N,N,N,Faculdade,000000003549904,São José dos Campos,SP,Ativa
4765,FACULDADE ALFA UMUARAMA,ALFA,Privada,N,N,N,Faculdade,000000004128104,Umuarama,PR,Ativa
1720,FACULDADE MINAS GERAIS,FAMIG,Privada,N,N,N,Faculdade,000000003106200,Belo Horizonte,MG,Ativa
2221,FACULDADE MADEIRA MAMORÉ,FAMMA,Privada,N,N,N,Faculdade,000000001100205,Porto Velho,RO,Extinta
24213,Instituto de Direito do Nordeste - IDN São Luís,IDN São Luís,Privada,N,N,N,Faculdade,000000002111300,São Luís,MA,Ativa
3311,Faculdade de Educação Avançada do Noroeste Capixaba,FEAC,Privada,N,N,N,Faculdade,000000003200904,Barra de São Francisco,ES,Extinta
1781,FACULDADE INTESP,INTESP,Privada,N,N,N,Faculdade,000000003520905,Ipaussu,SP,Ativa
22636,Faculdade São Francisco Xavier,FACSFX,Privada,N,N,N,Faculdade,000000003131307,Ipatinga,MG,Ativa
23215,FACULDADE DO ESTADO DE SÃO PAULO,ESP,Privada,N,N,N,Faculdade,000000003502804,Araçatuba,SP,Ativa
2572,"FACULDADE REGIONAL DE FILOSOFIA, CIÊNCIAS E LETRAS DE CANDEIAS",FAC,Privada,N,N,N,Faculdade,000000002906501,Candeias,BA,Ativa
3937,Faculdade Anhanguera de Indaiatuba,null,Privada,N,N,N,Faculdade,000000003520509,Indaiatuba,SP,Ativa
22777,FACULDADE VALE DOS CARAJÁS,FVC,Privada,N,N,N,Faculdade,000000001505536,Parauapebas,PA,Ativa
2323,FACULDADE DA AMAZÔNIA,FAMA,Privada,N,N,N,Faculdade,000000001100304,Vilhena,RO,Ativa
10418,FACULDADE DE SANTA RITA DO PASSA QUATRO,null,Privada,N,N,N,Faculdade,000000003547502,Santa Rita do Passa Quatro,SP,Extinta
95,UNIVERSIDADE ESTADUAL VALE DO ACARAÚ,UVA,Pública,N,N,N,Universidade,000000002312908,Sobral,CE,Ativa
461,CENTRO UNIVERSITÁRIO ARMANDO ALVARES PENTEADO,FA-FAAP,Privada,N,N,N,Centro Universitário,000000003550308,São Paulo,SP,Ativa
473,Centro Universitário Dom Bosco do Rio de Janeiro,UniDomBosco-RJ,Privada,N,N,N,Centro Universitário,000000003304201,Resende,RJ,Ativa
16556,Faculdade ALFAUNIPAC de Capelinha,null,Privada,N,N,N,Faculdade,000000003112307,Capelinha,MG,Ativa
11861,FACULDADE DE CIÊNCIAS APLICADAS E TECNOLÓGICAS DO LITORAL SUL,FACSUL,Privada,N,N,N,Faculdade,000000003522109,Itanhaém,SP,Extinta
15693,Faculdade de Tecnologia de Itapetininga - Prof.Antônio Belizandro Barbosa Rezende,Fatec - Itapetininga,Pública,N,N,N,Faculdade,000000003522307,Itapetininga,SP,Ativa
1640,CENTRO UNIVERSITÁRIO AGES,UniAGES,Privada,N,N,N,Centro Universitário,000000002923803,Paripiranga,BA,Ativa
13631,"Faculdade de Ciências, Educação, Saúde, Pesquisa e Gestão",FSF,Privada,N,N,N,Faculdade,000000003304805,São Fidélis,RJ,Ativa
15450,Faculdade Única de Ipatinga,FUNIP,Privada,N,N,N,Faculdade,000000003131307,Ipatinga,MG,Ativa
23169,Escola Superior de Itabira,,Privada,N,N,N,Faculdade,000000003131703,Itabira,MG,Ativa
3864,Centro Universitário UNIRB - Alagoinhas,null,Privada,N,N,N,Centro Universitário,000000002900702,Alagoinhas,BA,Ativa
2582,FACULDADE DE ENSINO SUPERIOR DO CENTRO DO PARANÁ,UCP,Privada,N,N,N,Faculdade,000000004119608,Pitanga,PR,Ativa
2039,FACULDADE CIDADE LUZ,FACILUZ,Privada,N,N,N,Faculdade,000000003520442,Ilha Solteira,SP,Ativa
23139,BRAIN BUSINESS SCHOOL,BRAIN,Privada,N,N,N,Faculdade,000000003550308,São Paulo,SP,Ativa
1108,FACULDADE DE CIÊNCIAS GERENCIAIS - COTIA,FCG - COTIA,Privada,N,N,N,Faculdade,000000003513009,Cotia,SP,Extinta
1683,CENTRO UNIVERSITÁRIO MAURÍCIO DE NASSAU DE TERESINA,null,Privada,N,N,N,Centro Universitário,000000002211001,Teresina,PI,Ativa
23454,FACULDADE IMEPAC DE ITUMBIARA,IMEPAC ITUMBIAR,Privada,N,N,N,Faculdade,000000005211503,Itumbiara,GO,Ativa
4254,FACULDADES INTEGRADAS DA TERRA DE BRASÍLIA,FTB,Privada,N,N,N,Faculdade,000000005300108,Brasília,DF,Extinta
14727,FACULDADE PROGRESSO,FAP,Privada,N,N,N,Faculdade,000000003518800,Guarulhos,SP,Ativa
2183,CENTRO UNIVERSITÁRIO FUNDAÇÃO SANTO ANDRÉ,CUFSA,Privada,N,N,N,Centro Universitário,000000003547809,Santo André,SP,Ativa
2595,UNIVERSIDADE ESTADUAL DE LONDRINA,null,Pública,N,N,N,Universidade,000000004113700,Londrina,PR,Extinta
1712,FACULDADE DE CIÊNCIAS E TECNOLOGIA DE TERESINA,FACET,Privada,N,N,N,Faculdade,000000002211001,Teresina,PI,Ativa
19716,Faculdade Integral de Jaboatão dos Guararapes,FIJ,Privada,N,N,N,Faculdade,000000002607901,Jaboatão dos Guararapes,PE,Ativa
23200,Faculdade SOCIESC de Educação de Itajaí,,Privada,N,N,N,Faculdade,000000004208203,Itajaí,SC,Ativa
2615,FACULDADE INCONFIDÊNCIA,FI,Privada,N,N,N,Faculdade,000000003106200,Belo Horizonte,MG,Extinta
14951,FACULDADE DE ENGENHARIA E INOVAÇÃO TÉCNICO PROFISSI,FEITEP,Privada,N,N,N,Faculdade,000000004115200,Maringá,PR,Ativa
2096,FACULDADE DOCTUM DE MANHUAÇU - DOCTUM,FCM,Privada,N,N,N,Faculdade,000000003139409,Manhuaçu,MG,Ativa
21757,Fasul Educacional EaD,FASUL EDUCACIONAL,Privada,N,N,N,Faculdade,000000003163706,São Lourenço,MG,Ativa
6528,FACULDADE DE CIÊNCIAS APLICADAS DE LIMOEIRO,null,Pública,N,N,N,Faculdade,000000002601706,Belo Jardim,PE,Ativa
4094,Faculdade Estácio da Paraíba,ESTÁCIO PARAÍBA,Privada,N,N,N,Faculdade,000000002507507,João Pessoa,PB,Ativa
14157,Faculdade de Educação e Estudos Sociais de Uberlândia,FEESU,Privada,N,N,N,Faculdade,000000003170206,Uberlândia,MG,Ativa
1418,Centro Universitário Toledo Wyden,Unitoledo Wyden,Privada,N,N,N,Centro Universitário,000000003502804,Araçatuba,SP,Ativa
3393,FACULDADE DE ENSINO SUPERIOR DOM BOSCO,FACDOMBOSCO,Privada,N,N,N,Faculdade,000000004106407,Cornélio Procópio,PR,Ativa
1851,ESCOLA BRASILEIRA DE ADMINISTRAÇÃO PÚBLICA E DE EMPRESAS,EBAPE,Privada,N,N,N,Faculdade,000000003304557,Rio de Janeiro,RJ,Ativa
279,FACULDADES INTEGRADAS HÉLIO ALONSO,FACHA,Privada,N,N,N,Faculdade,000000003304557,Rio de Janeiro,RJ,Ativa
25774,FACULDADE ANCLIVEPA BRASÍLIA,,Privada,N,N,N,Faculdade,000000005300108,Brasília,DF,Ativa
1520,FACULDADE FIA DE ADMINISTRAÇÃO E NEGÓCIOS,FFIA,Privada,N,N,N,Faculdade,000000003550308,São Paulo,SP,Ativa
23202,Faculdade SOCIESC de Educação de São Bento do Sul,,Privada,N,N,N,Faculdade,000000004215802,São Bento do Sul,SC,Ativa
11748,FACULDADE DE EDUCAÇÃO E CULTURA DE JI-PARANÁ,FAJIPA,Privada,N,N,N,Faculdade,000000001100122,Ji-Paraná,RO,Ativa
1125,FACULDADES INTEGRADAS ESPÍRITA,FIES,Privada,N,N,N,Faculdade,000000004106902,Curitiba,PR,Ativa
2624,FACULDADE DO LITORAL PARANAENSE,FLP,Privada,N,N,N,Faculdade,000000004109609,Guaratuba,PR,Ativa
25791,Faculdade Brasileira Digital,FABRADI,Privada,N,N,N,Faculdade,000000003550308,São Paulo,SP,Ativa
17405,FACULDADE AFONSO MAFRENSE,FAM,Privada,N,N,N,Faculdade,000000002210607,São Raimundo Nonato,PI,Ativa
2501,CENTRO UNIVERSITÁRIO ESTÁCIO DE GOIÁS,ESTÁCIO GOIÁS,Privada,N,N,N,Centro Universitário,000000005208707,Goiânia,GO,Ativa
1225,CENTRO UNIVERSITÁRIO AMPARENSE,UNIFIA,Privada,N,N,N,Centro Universitário,000000003501905,Amparo,SP,Ativa
2466,FACUDADE IEDUCARE - FIED,FIED,Privada,N,N,N,Faculdade,000000002313401,Tianguá,CE,Ativa
1615,INSTITUTO SUPERIOR DO LITORAL DO PARANÁ,ISULPAR,Privada,N,N,N,Faculdade,000000004118204,Paranaguá,PR,Ativa
9,UNIVERSIDADE ESTADUAL DE LONDRINA,UEL,Pública,N,N,N,Universidade,000000004113700,Londrina,PR,Ativa
1629,INSTITUTO DE ENSINO SUPERIOR AQUIDAUANENSE,IESA,Privada,N,N,N,Faculdade,000000005001102,Aquidauana,MS,Extinta
14130,Faculdade Presidente Antônio Carlos de Várzea da Palma,FEES Várzea da Palma,Privada,N,N,N,Faculdade,000000003170800,Várzea da Palma,MG,Extinta
5627,FACULDADE DE TECNOLOGIA DE PRESIDENTE PRUDENTE,FATEC,Pública,N,N,N,Faculdade,000000003541406,Presidente Prudente,SP,Ativa
19321,Faculdades Vale do Piancó,FAVAP,Privada,N,N,N,Faculdade,000000002507002,Itaporanga,PB,Ativa
161,CENTRO UNIVERSITÁRIO ASSUNÇÃO,UNIFAI,Privada,N,S,N,Centro Universitário,000000003550308,São Paulo,SP,Ativa
21417,Centro de Instrução de Guerra Eletrônica,CIGE,Pública,N,N,N,Instituição Especialmente Credenciada para oferta de cursos lato sensu,000000005300108,Brasília,DF,Ativa
4794,ESCOLA SUPERIOR DE ENGENHARIA E GESTÃO DE VALINHOS - ESEG,ESEG,Privada,N,N,N,Faculdade,000000003556206,Valinhos,SP,Extinta
12735,FACULDADE DE CIÊNCIAS HUMANAS E SOCIAIS DO XINGU E AMAZÔNIA,FACX,Privada,N,N,N,Faculdade,000000001500602,Altamira,PA,Ativa
18106,FACULDADE COELHO NETO,FACNET,Privada,N,N,N,Faculdade,000000002105302,Imperatriz,MA,Ativa
1506,Faculdade CNEC Itajaí,null,Privada,S,N,N,Faculdade,000000004208203,Itajaí,SC,Ativa
2033,INSTITUTO SUPERIOR DE EDUCAÇÃO DE FLORESTA,ISEF,Privada,N,N,N,Faculdade,000000002605707,Floresta,PE,Extinta
454,FACULDADE CAMAQÜENSE DE CIÊNCIAS CONTÁBEIS E ADMINISTRATIVAS,FACCCA,Privada,S,N,N,Faculdade,000000004303509,Camaquã,RS,Ativa
1816,INSTITUTO DE ENSINO SUPERIOR DE BAURU,IESB,Privada,N,N,N,Faculdade,000000003506003,Bauru,SP,Ativa
5073,FACULDADE PITÁGORAS DE DIVINÓPOLIS,PIT DIVINÓPOLIS,Privada,N,N,N,Faculdade,000000003122306,Divinópolis,MG,Extinta
2069,FACULDADE DE TEOLOGIA E CIÊNCIAS HUMANAS,FATECH,Privada,N,N,N,Faculdade,000000001600303,Macapá,AP,Ativa
3230,FACULDADE LUIZ EDUARDO MAGALHÃES,FILEM,Privada,N,N,N,Faculdade,000000002919553,Luís Eduardo Magalhães,BA,Ativa
22814,Faculdade Auden Educacional,FAED,Privada,N,N,N,Faculdade,000000003550308,São Paulo,SP,Ativa
926,Centro Universitário Anhanguera Pitágoras Unopar de Campo Grande,,Privada,N,N,N,Centro Universitário,000000005002704,Campo Grande,MS,Ativa
704,FACULDADE DE CIÊNCIAS AGRÁRIAS DE ARARIPINA,FACIAGRA,Pública,N,N,N,Faculdade,000000002601102,Araripina,PE,Ativa
2375,FACULDADE VIZCAYA,VIZCAYA,Privada,N,N,N,Faculdade,000000004208450,Itapoá,SC,Extinta
14288,FACULDADE CATÓLICA DE SANTA CATARINA,FACASC,Privada,N,S,N,Faculdade,000000004205407,Florianópolis,SC,Ativa
1252,FACULDADE PROMOVE DE MINAS GERAIS,PROMOVE,Privada,N,N,N,Faculdade,000000003106200,Belo Horizonte,MG,Ativa
60,CENTRO UNIVERSITÁRIO MUNICIPAL DE FRANCA,UNI-FACEF,Pública,N,N,N,Centro Universitário,000000003516200,Franca,SP,Ativa
1462,INSTITUTO PARAIBANO DE ENSINO RENOVADO,INPER,Privada,N,N,N,Faculdade,000000002507507,João Pessoa,PB,Ativa
24066,Faculdade Cristã da Cidade,FCC,Privada,N,N,N,Faculdade,000000003549904,São José dos Campos,SP,Ativa
22173,Faculdade - Uninorte  Barcarena,,Privada,N,N,N,Faculdade,000000001501303,Barcarena,PA,Ativa
615,FACULDADE DE FILOSOFIA CIÊNCIAS E LETRAS PROFESSORA NAIR FORTES ABU-MERHY,FAFI - PRONAFOR,Privada,N,N,N,Faculdade,000000003101508,Além Paraíba,MG,Extinta
663,UNIVERSIDADE SALGADO DE OLIVEIRA,UNIVERSO,Privada,N,N,N,Universidade,000000003304904,São Gonçalo,RJ,Ativa
3333,CENTRO UNIVERSITÁRIO UNIFTEC,null,Privada,N,N,N,Centro Universitário,000000004305108,Caxias do Sul,RS,Ativa
15714,Fatec Arthur Azevedo - Mogi Mirim,FATECMM,Pública,N,N,N,Faculdade,000000003530805,Moji Mirim,SP,Ativa
1962,INSTITUTO SUPERIOR DE EDUCAÇÃO DO CENTRO EDUCACIONAL NOSSA SENHORA AUXILIADORA,ISECENSA,Privada,N,S,N,Faculdade,000000003301009,Campos dos Goytacazes,RJ,Ativa
1366,FACULDADE BARDDAL,FB-SI,Privada,N,N,N,Faculdade,000000004205407,Florianópolis,SC,Extinta
15669,FACULDADE DE CIÊNCIAS EXATAS DE GARANHUNS,FACEG,Pública,N,N,N,Faculdade,000000002606002,Garanhuns,PE,Extinta
3688,FACULDADES INTEGRADAS DO VALE DO IVAÍ,null,Privada,N,N,N,Faculdade,000000004111506,Ivaiporã,PR,Ativa
322,UNIVERSIDADE PAULISTA,UNIP,Privada,N,N,N,Universidade,000000003550308,São Paulo,SP,Ativa
14231,Faculdade Presidente Antônio Carlos de Uruana de Minas,FUNEES,Privada,N,N,N,Faculdade,000000003170479,Uruana de Minas,MG,Extinta
3432,"FACULDADES INTEGRADAS DE CIÊNCIAS HUMANAS, SAÚDE E EDUCAÇÃO DE GUARULHOS",FG,Privada,N,N,N,Faculdade,000000003518800,Guarulhos,SP,Ativa
18626,Faculdade Pitágoras de Arapiraca,,Privada,N,N,N,Faculdade,000000002700300,Arapiraca,AL,Extinta
18033,FACULDADE DE TEODORO SAMPAIO,FTS,Privada,N,N,N,Faculdade,000000003554300,Teodoro Sampaio,SP,Ativa
3164,"INSTITUTO FEDERAL DE EDUCAÇÃO, CIÊNCIA E TECNOLOGIA DE MATO GROSSO",IFMT,Pública,N,N,N,"Instituto Federal de Educação, Ciência e Tecnologia",000000005103403,Cuiabá,MT,Ativa
599,"INSTITUTO FEDERAL DE EDUCAÇÃO, CIÊNCIA E TECNOLOGIA DA BAHIA",IFBA,Pública,N,N,N,"Instituto Federal de Educação, Ciência e Tecnologia",000000002927408,Salvador,BA,Ativa
23358,Centro de Ensino Superior SOCIESC de Jaraguá do Sul,,Privada,N,N,N,Faculdade,000000004208906,Jaraguá do Sul,SC,Ativa
25412,Faculdade Metropolitana de Franca,FAMEF,Privada,N,N,N,Faculdade,000000003516200,Franca,SP,Ativa
4756,CENTRO UNIVERSITÁRIO MUNICIPAL DE SÃO JOSÉ,USJ,Pública,N,N,N,Centro Universitário,000000004216602,São José,SC,Ativa
23973,Centro de Ensino Superior de Altamira,,Privada,N,N,N,Faculdade,000000001500602,Altamira,PA,Ativa
37,FACULDADE DE TECNOLOGIA DE JAHU,FATEC-JAHU,Pública,N,N,N,Faculdade,000000003525300,Jaú,SP,Ativa
23159,FACULDADE BARÃO DE JEQUIRIÇA,FBJ DIGITAL,Privada,N,N,N,Faculdade,000000002932903,Valença,BA,Ativa
3853,Centro Universitário Maurício de Nassau de Natal,UNINASSAU,Privada,N,N,N,Centro Universitário,000000002408102,Natal,RN,Ativa
23164,Centro de Ensino Superior de Divinópolis,,Privada,N,N,N,Faculdade,000000003122306,Divinópolis,MG,Ativa
12052,FACULDADE DE TECNOLOGIA SENAI PAULO DE TARSO,FATEC SENAI PT,Privada,N,N,N,Faculdade,000000003106200,Belo Horizonte,MG,Extinta
3746,FACULDADE IBRA DA GRANDE SÃO PAULO,FACULDADE FAGRAN,Privada,N,N,N,Faculdade,000000003550308,São Paulo,SP,Ativa
24679,FACULDADE HOLÍSTICA,FaHol,Privada,N,N,N,Faculdade,000000004106902,Curitiba,PR,Ativa
19256,Faculdade Pitágoras de Brumado,,Privada,N,N,N,Faculdade,000000002904605,Brumado,BA,Ativa
17109,FACULDADE ITPAC GARANHUNS,ITPAC-GARANHUNS,Privada,N,N,N,Faculdade,000000002606002,Garanhuns,PE,Extinta
11584,FACULDADE CAL DE ARTES CÊNICAS,Faculdade Cal,Privada,N,N,N,Faculdade,000000003304557,Rio de Janeiro,RJ,Ativa
345,ESCOLA DE ENGENHARIA KENNEDY,EEK,Privada,N,N,N,Faculdade,000000003106200,Belo Horizonte,MG,Ativa
2846,FACULDADE DE TEOLOGIA UMBANDISTA,F.T.U.,Privada,N,N,N,Faculdade,000000003550308,São Paulo,SP,Extinta
24391,Faculdade de Educação da Ibiapaba,FAEDI,Privada,N,N,N,Faculdade,000000002305803,Ipu,CE,Ativa
2180,RATIO - FACULDADE TEOLÓGICA E FILOSÓFICA,RATIO,Privada,N,N,N,Faculdade,000000002304400,Fortaleza,CE,Ativa
4867,FACULDADE ANHANGUERA DE GUARAPARI,null,Privada,N,N,N,Faculdade,000000003202405,Guarapari,ES,Ativa
22456,FACULDADE REALIZA,,Privada,N,N,N,Faculdade,000000005201405,Aparecida de Goiânia,GO,Ativa
3990,FACULDADE SÃO BERNARDO DE TECNOLOGIA,SBTEC,Privada,N,N,N,Faculdade,000000003548708,São Bernardo do Campo,SP,Extinta
694,UNIVERSIDADE FEDERAL DE MATO GROSSO DO SUL,UFMS,Pública,N,N,N,Universidade,000000005002704,Campo Grande,MS,Ativa
547,UNIVERSIDADE DO ESTADO DO RIO DE JANEIRO,UERJ,Pública,N,N,N,Universidade,000000003304557,Rio de Janeiro,RJ,Ativa
21955,FACULDADE METROPOLITANA DE ITAJAÍ,FIMT,Privada,N,N,N,Faculdade,000000004208203,Itajaí,SC,Ativa
5045,FACULDADE DE TECNOLOGIA PAULISTA,null,Privada,N,N,N,Faculdade,000000003527801,Lupércio,SP,Ativa
19785,FACULDADE ANHANGUERA DE RIBEIRÃO DAS NEVES,null,Privada,N,N,N,Faculdade,000000003154606,Ribeirão das Neves,MG,Ativa
5107,FACULDADE SOGIPA DE EDUCAÇÃO FÍSICA,null,Privada,N,N,N,Faculdade,000000004314902,Porto Alegre,RS,Ativa
2361,FACULDADE PADRÃO,-,Privada,N,N,N,Faculdade,000000005201405,Aparecida de Goiânia,GO,Ativa
21371,Faculdade Univeritas Universus Veritas de Joinville,VERITAS JOINVILLE,Privada,N,N,N,Faculdade,000000004209102,Joinville,SC,Extinta
1913,CENTRO UNIVERSITÁRIO FAMINAS,UNIFAMINAS,Privada,N,N,N,Centro Universitário,000000003143906,Muriaé,MG,Ativa
17874,Faculdade de Educação Superior de Tangará da Serra,FAEST,Privada,N,N,N,Faculdade,000000005107958,Tangará da Serra,MT,Ativa
1042,UNIVERSIDADE POSITIVO,UP,Privada,N,N,N,Universidade,000000004106902,Curitiba,PR,Ativa
3604,INSTITUTO SUPERIOR DE EDUCAÇÃO DE CARIACICA,ISEC,Privada,N,N,N,Faculdade,000000003201308,Cariacica,ES,Extinta
945,Faculdade Funorte de Januária,null,Privada,N,N,N,Faculdade,000000003135209,Januária,MG,Ativa
1059,FACULDADE LOURENÇO FILHO,FLF,Privada,N,N,N,Faculdade,000000002304400,Fortaleza,CE,Ativa
13873,FACULDADE FINOM DE PATOS DE MINAS,FINOM,Privada,N,N,N,Faculdade,000000003148004,Patos de Minas,MG,Ativa
1788,FACULDADE DE ADMINISTRAÇÃO E ARTES DE LIMEIRA,FAAL,Privada,N,N,N,Faculdade,000000003526902,Limeira,SP,Ativa
2192,INSTITUTO SUPERIOR DE EDUCAÇÃO IVOTI,ISEI,Privada,S,N,N,Faculdade,000000004310801,Ivoti,RS,Ativa
109,FACULDADES INTEGRADAS RUI BARBOSA,FIRB,Privada,N,N,N,Faculdade,000000003502101,Andradina,SP,Ativa
14155,Faculdade Presidente Antônio Carlos de Sabará,FUNEES Sabará,Privada,N,N,N,Faculdade,000000003156700,Sabará,MG,Ativa
13538,FACULDADE CARAGUÁ,,Privada,N,N,N,Faculdade,000000003510500,Caraguatatuba,SP,Extinta
1677,FACULDADE DE ENSINO SUPERIOR DO PIAUÍ,FAESPI,Privada,N,N,N,Faculdade,000000002211001,Teresina,PI,Ativa
21937,FACULDADE INTEGRADA DE CAMPO GRANDE,INTEGRADA,Privada,N,N,N,Faculdade,000000005002704,Campo Grande,MS,Ativa
1924,FACULDADE DO NORTE PIONEIRO DE JACAREZINHO,FANORPIJAC,Privada,N,N,N,Faculdade,000000004111803,Jacarezinho,PR,Extinta
5015,INSTITUTO SUPERIOR DE TECNOLOGIA EM HORTICULTURA,ISTHORTICULTURA,Pública,N,N,N,Faculdade,000000003301009,Campos dos Goytacazes,RJ,Ativa
2973,FACULDADE ANHANGUERA DE PRIMAVERA DO LESTE,FIPL,Privada,N,N,N,Faculdade,000000005107040,Primavera do Leste,MT,Ativa
1416,FACULDADE GRANDE VITÓRIA,UNFGV,Privada,N,N,N,Faculdade,000000003205002,Serra,ES,Extinta
24861,FACULDADE ATENAS DO SUL BAIANO,,Privada,N,N,N,Faculdade,000000002932903,Valença,BA,Ativa
16967,FACULDADE SENAI RIO,null,Privada,N,N,N,Faculdade,000000003304557,Rio de Janeiro,RJ,Ativa
17269,INSTITUTO DE EDUCAÇÃO SUPERIOR E INOVAÇÃO PERSONA,null,Privada,N,N,N,Faculdade,000000003550308,São Paulo,SP,Ativa
1426,INSTITUTO LUTERANO DE ENSINO SUPERIOR DE ITUMBIARA,ILES,Privada,N,S,N,Faculdade,000000005211503,Itumbiara,GO,Ativa
3692,FACULDADE DE TECNOLOGIA IPEP DE CAMPINAS,FATEC CAMPINAS,Privada,N,N,N,Faculdade,000000003509502,Campinas,SP,Ativa
25282,UNIVERSIDADE FEDERAL DE JATAÍ,UFJ,Pública,N,N,N,Universidade,000000005211909,Jataí,GO,Ativa
18266,FACULDADE SAINT GERMAIN SP,FSGSP,Privada,N,N,N,Faculdade,000000003550308,São Paulo,SP,Extinta
2922,INSTITUTO SUPERIOR DE EDUCAÇÃO DE BARRETOS,ISEB,Privada,N,N,N,Faculdade,000000003505500,Barretos,SP,Ativa
24290,Faculdade Andreotti de Maringá,FAM,Privada,N,N,N,Faculdade,000000004115200,Maringá,PR,Ativa
18039,Faculdade Capacitar,,Privada,N,N,N,Faculdade,000000004301602,Bagé,RS,Ativa
3754,FACULDADES INTEGRADAS ADVENTISTAS DE MINAS GERAIS,FADMINAS,Privada,N,N,N,Faculdade,000000003138203,Lavras,MG,Ativa
967,FACULDADE DE TECNOLOGIA DE TAQUARITINGA,FATEC/TQ,Pública,N,N,N,Faculdade,000000003553708,Taquaritinga,SP,Ativa
2126,ESCOLA DE DIREITO DO RIO DE JANEIRO,DIREITO RIO,Privada,N,N,N,Faculdade,000000003304557,Rio de Janeiro,RJ,Ativa
1192,FACULDADE DE CIÊNCIAS DA SAÚDE DE SÃO PAULO,FACIS,Privada,N,N,N,Faculdade,000000003550308,São Paulo,SP,Ativa
19910,Faculdades Planalto Central,FPC,Privada,N,N,N,Faculdade,000000005300108,Brasília,DF,Ativa
2632,FACULDADES INTEGRADAS DO EXTREMO SUL DA BAHIA,UNESULBAHIA,Privada,N,N,N,Faculdade,000000002910727,Eunápolis,BA,Ativa
3149,Faculdade Anhanguera De Divinópolis,null,Privada,N,N,N,Faculdade,000000003122306,Divinópolis,MG,Ativa
24471,FACULDADE ATENAS VALENÇA,,Privada,N,N,N,Faculdade,000000002932903,Valença,BA,Ativa
21716,FACULDADE CESMA DE MARACANAÚ,FACESMA,Privada,N,N,N,Faculdade,000000002307650,Maracanaú,CE,Ativa
16459,FACULDADE UNIRB - SALVADOR,FACULDADE UNIRB,Privada,N,N,N,Faculdade,000000002927408,Salvador,BA,Ativa
795,FACULDADES INTEGRADAS DE DIAMANTINO,FID,Privada,N,N,N,Faculdade,000000005103502,Diamantino,MT,Ativa
18692,Faculdade ALFAUNIPAC de Guanhães,null,Privada,N,N,N,Faculdade,000000003128006,Guanhães,MG,Ativa
2441,INSTITUTO SUPERIOR DE EDUCAÇÃO AUXILIUM,ISE AUXILIUM,Privada,N,N,N,Faculdade,000000003527108,Lins,SP,Extinta
16225,Faculdade Regional do Jacuípe,FARJ,Privada,N,N,N,Faculdade,000000002906873,Capim Grosso,BA,Ativa
3783,FACULDADE PARAENSE DE ENSINO,FAPEN,Privada,N,N,N,Faculdade,000000001501402,Belém,PA,Ativa
1623,FACULDADE DE CIÊNCIAS AGRÁRIAS DE ANDRADINA,FCAA,Privada,N,N,N,Faculdade,000000003502101,Andradina,SP,Ativa
4731,FACULDADE MESSIANICA,null,Privada,N,N,N,Faculdade,000000003550308,São Paulo,SP,Ativa
3817,Centro Universitário Maurício de Nassau de João Pessoa,null,Privada,N,N,N,Centro Universitário,000000002507507,João Pessoa,PB,Ativa
591,UNIVERSIDADE FEDERAL DE SÃO PAULO,UNIFESP,Pública,N,N,N,Universidade,000000003550308,São Paulo,SP,Ativa
22917,FACULDADE DE CIÊNCIAS MÉDICAS DE MARICÁ,,Privada,N,N,N,Faculdade,000000003302700,Maricá,RJ,Ativa
1757,"ESCOLA SUPERIOR DE ADMINISTRAÇÃO, MARKETING E COMUNICAÇÃO DE GOIÂNIA",ESAMC DE GOIÂNIA,Privada,N,N,N,Faculdade,000000005208707,Goiânia,GO,Extinta
3513,FACULDADE DE PRESIDENTE VENCESLAU,FAPREV,Privada,N,N,N,Faculdade,000000003541505,Presidente Venceslau,SP,Ativa
3974,UNIVERSIDADE DE RIO VERDE,FESURV,Pública,N,N,N,Universidade,000000005218805,Rio Verde,GO,Ativa
3157,INSTITUTO SUPERIOR DE EDUCAÇÃO ALMEIDA RODRIGUES,ISEAR,Privada,N,N,N,Faculdade,000000005218805,Rio Verde,GO,Ativa
18639,Faculdade Pitágoras de Bacabal,,Privada,N,N,N,Faculdade,000000002101202,Bacabal,MA,Ativa
385,UNIVERSIDADE SALVADOR,UNIFACS,Privada,N,N,N,Universidade,000000002927408,Salvador,BA,Ativa
14,UNIVERSIDADE DO VALE DO RIO DOS SINOS,UNISINOS,Privada,S,S,N,Universidade,000000004318705,São Leopoldo,RS,Ativa
1487,CENTRO UNIVERSITÁRIO UNIDOM - BOSCO,UNIDOM - BOSCO,Privada,N,N,N,Centro Universitário,000000004106902,Curitiba,PR,Ativa
22202,Faculdade Estácio de Juazeiro,EstácioJuazeiro,Privada,N,N,N,Faculdade,000000002918407,Juazeiro,BA,Ativa
1969,FACULDADE DOS IMIGRANTES - FAI,FAI,Privada,N,N,N,Faculdade,000000004305108,Caxias do Sul,RS,Extinta
2075,INSTITUTO DE ENSINO SUPERIOR DE ALAGOAS,IESA,Privada,N,N,N,Faculdade,000000002704302,Maceió,AL,Ativa
809,FACULDADE DE DIREITO E CIÊNCIAS SOCIAIS DO LESTE DE MINAS - FADILESTE,FADILESTE,Privada,N,N,N,Faculdade,000000003154150,Reduto,MG,Ativa
15859,Faculdade Católica Paulista,FACAP,Privada,N,N,N,Faculdade,000000003529005,Marília,SP,Ativa
24843,INSTITUTO DE ASSISTÊNCIA MÉDICA AO SERVIDOR PÚBLICO ESTADUAL,IAMSPE,Pública,N,N,N,Faculdade,000000003550308,São Paulo,SP,Ativa
21519,Faculdade Meridional de Porto Alegre,IMED,Privada,N,N,N,Faculdade,000000004314902,Porto Alegre,RS,Ativa
2111,CENTRO UNIVERSITÁRIO INTA,UNINTA,Privada,N,S,N,Centro Universitário,000000002312908,Sobral,CE,Ativa
2677,INSTITUTO SUPERIOR DE EDUCAÇÃO SÃO JUDAS TADEU,ISESJT,Privada,N,N,N,Faculdade,000000002203909,Floriano,PI,Extinta
750,UNIVERSIDADE DE GURUPI,UnirG,Pública,N,N,N,Universidade,000000001709500,Gurupi,TO,Ativa
5066,FACULDADE PITÁGORAS DE TECNOLOGIA DE CONTAGEM,null,Privada,N,N,N,Faculdade,000000003118601,Contagem,MG,Extinta
19501,Faculdade de Tecnologia Sebrae,FATEC SEBRAE,Pública,N,N,N,Faculdade,000000003550308,São Paulo,SP,Ativa
14210,Faculdade Presidente Antônio Carlos de Maria da Fé,FUNEES,Privada,N,N,N,Faculdade,000000003139904,Maria da Fé,MG,Extinta
2120,INSTITUTO DE FILOSOFIA E DE TEOLOGIA PAULO VI,IFITEPS,Privada,N,N,N,Faculdade,000000003303500,Nova Iguaçu,RJ,Extinta
1507,FACULDADE PROJEÇÃO DE CEILÂNDIA,FAPRO,Privada,N,N,N,Faculdade,000000005300108,Brasília,DF,Ativa
7,UNIVERSIDADE FEDERAL DE SÃO CARLOS,UFSCAR,Pública,N,N,N,Universidade,000000003548906,São Carlos,SP,Ativa
20667,UNETRI FACULDADES,UNETRI,Privada,N,N,N,Faculdade,000000004102604,Barracão,PR,Ativa
18296,Faculdade AGES de Tucano,Faculdade AGES,Privada,N,N,N,Faculdade,000000002931905,Tucano,BA,Ativa
18526,FACULDADE DE OSASCO,FCO,Privada,N,N,N,Faculdade,000000003534401,Osasco,SP,Ativa
21871,FACULDADE BAHIANA DE ENGENHARIA E CIÊNCIAS SOCIAIS APLICADAS,FBE,Privada,N,N,N,Faculdade,000000002927408,Salvador,BA,Ativa
24056,Faculdade de Saúde do Sertão de Pernambuco,FASPE,Privada,N,N,N,Faculdade,000000002605707,Floresta,PE,Ativa
13944,FACULDADE DE ADMINISTRAÇÃO E NEGÓCIOS,FAN,Privada,N,N,N,Faculdade,000000002704302,Maceió,AL,Ativa
1961,INSTITUTO TECNOLÓGICO E DAS CIÊNCIAS SOCIAIS APLICADAS E DA SAÚDE DO CENTRO EDUC. N. SRª AUXILIADORA,ITCSAS/CENSA,Privada,N,S,N,Faculdade,000000003301009,Campos dos Goytacazes,RJ,Ativa
5217,FACULDADES INTEGRADAS PAULISTA,FIP,Privada,N,N,N,Faculdade,000000003550308,São Paulo,SP,Ativa
